"Product Title","Cost","7 Day Sale","Total Sale","Review","Favorite"
"Gray Table Shakers, Swinging Salt & Pepper, Salt Container, Salt Pig, Kitchen Set, Salt Shaker, Table Ware, Minimal Salt And Pepper Shakers",$72.78,0,2,0,17
"Dragonfly plate, Porcelain plate, Contemporary ceramics, Minimalistic, White plate, Ceramic plate, Porcelain dish, Unique dinnerware, Dish",$45.20,0,0,0,79
"Shot Glasses, Ceramic Set, Barware Set, Wedding Shot Glasses, Pottery Gift, Bachelorette Party Cups, Personalized Shots, Glazed Pottery",$31.64,0,0,0,48
"Coffee Cups And Saucer, White Porcelain Barware, Espresso Set, Porcelain Mugs for Coffee or Tea, White Ceramic Pottery, Coffee Lovers Gift",$84.40,0,0,0,8
"Porcelain Desk Lamp, Table Lamp, Modern Lamp, Light fixture, Desk Light, Bedside Light, LED Lamp, Modern Bedside Lamp, Reading Lamp For Bed",$151.91,0,0,0,77
"Plate, Fingerprint plate, Porcelain plate, Ceramic dinner plate, Dark gray plate, Unique dinnerware, Porcelain dish, Gift Ideas for Wives",$43.95,0,0,0,149
"Terrazzo Candle Holder, Christmas Decor, Ceramic Lighting, Girlfriend Gift, Tea Light Holder, Wedding Candles, Porcelain Candle Holder",$58.52,0,0,0,23
"Pink Sugar Bowl, Salt Cellar, Porcelain Jar, Pot With Lid, Geometric Home Decor, Salt Container, Spice Jar, Tea Bag Container, Salt Keeper",$55.14,0,0,0,27
"COMTINUOUS Necklace, Continuous Pendant Necklace, Porcelain Jewelry, Ceramic Pendant, Contemporary Necklace",$96.93,0,0,0,26
"Gray Table Shakers, Swinging Salt & Pepper, Salt Container, Salt Pig, Kitchen Set, Salt Shaker, Table Ware, Minimal Salt And Pepper Shakers",$74.01,0,0,0,10
"Tea Gift Cup, Coffee Cup, Tea Cup and Saucer, Dark Grey Drinkware, Glazed Drinkware, Coffee Drinkware, Decorative Cup, Decorative Mug",$51.15,0,0,0,23
"Green Cup, Drinking Cup And Saucer, Coffee Gift Mug, Coffee Drinkware, Green Mug, Green Cup, Glazed Drinkware, Small Mug, Coffee Gift Mug",$51.33,0,0,0,8
"Terrazzo Candle Holder, Christmas Decor, Ceramic Lighting, Girlfriend Gift, Tea Light Holder, Wedding Candles, Porcelain Candle Holder",$58.76,0,0,0,11
"Coffee Cup and Saucer, Coffee Drinkware, Coffee Mug, Small Mug and Saucer, Ceramic Cup, Ceramic Drinkware, Kitchen Gift Cup Kitchen Gift Mug",$51.07,0,0,0,20
"Porcelain Air Plant Holder, Air Plant Holder, Plant Basket, Planters, Air Plant Planters, Gray Porcelain Holder, Porcelain Planters",$26.10,0,0,0,0
"Fruit Tray, Cheese Plate, Food Tray, Porcelain Tray, Square Fruit Tray, Modern Porcelain Fruit Tray, Ceramic platter, Fruit Serving",$135.04,0,0,0,0
"Terrazzo Candle Holder, Christmas Decor, Ceramic Lighting, Girlfriend Gift, Tea Light Holder, Wedding Candles, Porcelain Candle Holder",$59.01,0,8,0,128
"Ceramic Pottery Set, Shot Glasses Set, Stoneware Cup, White Pottery, Bridesmaid Gift Set, Anniverssary Gift, Shabby Chic Decor, Mini Cups",$101.42,0,11,0,175
"White Mug, Ceramic Mug, Flower Mug, Inspirational Mug, Flower Cup, Unique Coffee Cup, White Cup, Office Mug, Office Gift, Coffee Art",$42.82,0,12,0,46
"Terrazzo Candle Holder, Christmas Decor, Ceramic Lighting, Girlfriend Gift, Tea Light Holder, Wedding Candles, Porcelain Candle Holder",$58.60,0,4,0,22
"Tea Gift Cup, Coffee Cup, Tea Cup and Saucer, Dark Grey Drinkware, Glazed Drinkware, Coffee Drinkware, Decorative Cup, Decorative Mug",$51.15,0,0,0,23
"Green Cup, Drinking Cup And Saucer, Coffee Gift Mug, Coffee Drinkware, Green Mug, Green Cup, Glazed Drinkware, Small Mug, Coffee Gift Mug",$51.33,0,0,0,8
"Terrazzo Candle Holder, Christmas Decor, Ceramic Lighting, Girlfriend Gift, Tea Light Holder, Wedding Candles, Porcelain Candle Holder",$58.76,0,0,0,11
"Coffee Cup and Saucer, Coffee Drinkware, Coffee Mug, Small Mug and Saucer, Ceramic Cup, Ceramic Drinkware, Kitchen Gift Cup Kitchen Gift Mug",$51.07,0,0,0,20
"Coffee Cups And Saucer, White Porcelain Barware, Espresso Set, Porcelain Mugs for Coffee or Tea, White Ceramic Pottery, Coffee Lovers Gift",$84.35,0,1,0,8
"Shots Set, Art Pottery Set, Party Shots, Art Deco Barware, Stoneware Pottery, Bridal Glasses, Groomsmen Gift, Custom Drinkware, White Cups",$99.37,0,0,0,7
"Gray Minimalist Mug, Tumbler, Dotted  Cups, Art Pottery Tumbler, Rustic Mug, Tumbler Cup, Wedding Tableware, Rustic Pottery, New Home Gift",$31.83,0,13,0,146
"Porcelain Tea Cup, Hostess Gift, Dining Decor, Cup of Tea, Coffee Mug, Tea Mug, Ceramic Mug, Cappuccino Cup, Table Decor, Ceramic Mug",$49.04,0,0,0,35
"Single Flower Vase, Porcelain Vase For A Single Flower, White Porcelain Vase, Porcelain Vase, Ceramic Vase, Small Vase, White Vase, Bud Vase",$113.52,0,0,0,64
"Mug, Cottage Chic Decor, Coffee Cup, Kitchen Collectible Cup, Porcelain Cup, Pottery Cup, Porcelain Design, Fine Art Cup, White Cup",$28.13,0,11,4,221
"Coffee Cups And Saucer, Sandy Porcelain Barware, Espresso Set, Porcelain Mugs for Coffee or Tea, White Ceramic Pottery, Coffee Lovers Gift",$84.40,0,0,0,7
"White Table Shakers, Swinging Salt & Pepper, Salt Container, Salt Pig, Kitchen Set, Salt Shaker, Table Ware, Minimal Salt And Pepper Shakers",$73.89,0,0,0,39
"Mom Gift, Coffee Lover Gift, Porcelain Coffee Cup, White Coffee Set, Wedding Gift,Home Décor Housewarming Gift, Porcelain Cup Saucer",$50.85,0,7,0,116
"Barware Shots Glasses, White Porcelain Barware, Liquor Glasses, White Ceramic Shots, Black Barware Shots, Shot Set, Ceramic Glasses, Cups",$55.37,0,0,0,105
"Porcelain Air Plant Holder, Air Plant Holder, Planters, Air Plant Planters, Pink Porcelain Holder, Porcelain Planters, Kokedama Holder",$41.99,0,0,0,2
"Porcelain Cup, Kitchen Gift, White Coffee Mug, Drinking Cup, Party Gift, Tea Cup, Coffee Drinkware, Ceramic Drinkware, Coffee Cup, Art Mug",$48.88,0,8,0,101
"Gray Mug, Ceramic Mug, Flower Mug, Inspirational Mug, Flower Cup, Unique Coffee Cup, Gray Cup, Office Mug, Office Gift, Coffee Art",$44.33,0,6,0,19
"Three Piece Dinner Set, Porcelain dinnerware set, Unique dinnerware, Contemporary dining, Serving Set, Modern Dinnerware Set,",$39.79,0,7,0,58
"Art Porcelain Mug, Art Mug, Porcelain Coffee Mug, Tea Mug, White Mug, Ceramic Mug, Collectible Mug, Unique Mug, Birthday Gift Mug",$43.89,0,0,0,27
"Unique Men's Gift, College Dorm Gift, Cigarette Tray, Porcelain Houseware, Porcelain Art Decor, Porcelain Artist Gift, Collectible Ashtray",$39.39,0,0,0,98
"Shots Set, Art Pottery Set, Party Shots, Art Deco Barware, Stoneware Pottery, Bridal Glasses, Groomsmen Gift, Custom Drinkware, White Cups",$101.42,0,0,0,54
"Coffee Cups And Saucer, Sandy Porcelain Barware, Espresso Set, Porcelain Mugs for Coffee or Tea, White Ceramic Pottery, Coffee Lovers Gift",$84.40,0,0,0,7
"Sandy Table Shakers, Swinging Salt & Pepper, Salt Container, Salt Pig, Kitchen Set, Salt Shaker, Table Ware, Minimal Salt And Pepper Shakers",$42.76,0,0,0,21
"Dragonfly plate, Porcelain plate, Contemporary ceramics, Minimalistic, Gray plate, Ceramic plate, Porcelain dish, Unique dinnerware, Dish",$45.08,0,0,0,71
"Porcelain Shot Glasses Set, Party Glasses, Funny Coffee Mug, Clay Pottery Cup, Custom Shot Glasses, Anniverssary Gift, Modern Kitchen Decor",$101.25,0,0,0,132
"Sugar Bowl With Lid, Pottery Sugar Bowl, Ceramic Sugar Bowl, Sugar Container, Sugar Pot, Storage Jar, Ceramic Jar, Kitchen Containers",$32.61,0,0,0,187
"Bubbles Vase, Contemporary Vase, Porcelain Vase, White Vase, Gray Vase, Pink Vase, Geometric Decor, Modern Handmade Vase, Green Vase",$135.63,0,0,0,19
"Dragonfly plate, Porcelain plate, Contemporary ceramics, Minimalistic, Gray plate, Ceramic plate, Porcelain dish, Unique dinnerware, Dish",$46.03,0,0,0,71
"Mountain Vase, Porcelain Vase, Flower Vase, Vitosha Vase, Structural Vase, White Ceramic Vase, Pottery Vase, Table Centerpiece, Small Vase",$90.48,0,0,0,10
"Porcelain Kokedama Holder, Air Plant Holder, Plant Basket, White Planters, Ring Pots, Succulent Pot, White Porcelain Pot, Porcelain Planter",$42.46,0,8,0,139
"Porcelain Cup, Kitchen Gift, Pink Coffee Mug, Drinking Cup, Party Gift, Tea Cup, Coffee Drinkware, Ceramic Drinkware, Coffee Cup, Art Mug",$47.96,0,0,0,7
"Green Cup, Wedding Gift, Tabletop Decor, Drinking Cup, Tea Mug, Ceramic Art Mug, Geometric Drinkware, Espresso Cup, Ceramic Dinnerware",$48.80,0,0,0,54
"INFINITY Symbol Necklace, Infinity Pendant Necklace, Porcelain Jewelry, Ceramic Pendant, Contemporary Necklace",$78.30,0,0,0,6
"Porcelain Air Plant Holder, Air Plant Holder, Planters, Air Plant Planters, Pink Porcelain Holder, Porcelain Planters, Kokedama Holder",$41.99,0,0,0,0
"Coffee Cup and Saucer, Coffee Drinkware, Coffee Mug, Small Mug and Saucer, Ceramic Cup, Ceramic Drinkware, Kitchen Gift Cup Kitchen Gift Mug",$51.15,0,0,0,55
"21st Birthday Shot Glass Set, Barware Glasses, Bar Glasses, Alcohol Glass, Bridal Party Gift, Groomsmen Gift, Small Drinkware, Ceramic Glass",$55.75,0,8,0,66
"Origami Vase, Contemporary Vase, Porcelain Vase, White Vase, Gray Vase, Pink Vase, Geometric Decor, Modern Handmade Vase, Green Vase",$113.01,0,4,0,23
"White Houseware, White Table Decor, Cigarette Ashtray, White Art Ashtray, Smoker Gift, Original Ceramic Gift, White Decor, Pottery Art",$39.90,0,8,0,57
"Coffee Cups And Saucer, Black Porcelain Barware, Espresso Set, Porcelain Mugs for Coffee or Tea, Black Ceramic Pottery, Coffee Lovers Gift",$84.75,0,0,0,62
"Yellow Sugar Bowl, Salt Cellar, Porcelain Jar, Pot With Lid, Geometric Home Decor, Salt Container, Spice Jar, Tea Bag Container, Salt Keeper",$55.37,0,6,0,14
"Porcelain Air Plant Holder, Air Plant Holder, Planters, Air Plant Planters, Pink Porcelain Holder, Porcelain Planters, Kokedama Holder",$41.99,0,0,0,0
"Porcelain Kokedama Holder, Air Plant Holder, Plant Basket, White Planters, Ring Pots, Succulent Pot, White Porcelain Pot, Porcelain Planter",$42.46,0,8,0,139
"Origami Vase, Contemporary Vase, Porcelain Vase, White Vase, Gray Vase, Pink Vase, Geometric Decor, Modern Handmade Vase, Green Vase",$113.01,0,4,0,23
"Drinking Cup And Saucer, Coffee Gift Mug, Orange Drinkware, Coffee Drinkware, Orange Mug, Orange Cup, Small Mug, Coffee Gift Mug, Dotted Mug",$50.85,0,0,0,31
"Plate, Fingerprint plate, Porcelain plate,  Ceramic dinner plate, White plate, Unique dinnerware, Porcelain dish",$44.07,0,0,0,49
"Mug Set, Tea Ceremony, Shot Glasses, Porcelain Cups, Birthday Cups, Ceramic Pottery, Tea Lovers Gift, Mug Pottery, Wedding Gift Ceramic",$101.28,0,0,0,107
"White Table Shakers, Swinging Salt & Pepper, Salt Container, Salt Pig, Kitchen Set, Salt Shaker, Table Ware, Minimal Salt And Pepper Shakers",$73.45,0,0,0,5
"Origami Bowl, Porcelain Bowl, White Bowl, Gray Bowl, Pink Bowl, Minimalist Porcelain Bowl, Geometric Decor, Modern Handmade Bowl, Fruit Bowl",$85.26,0,8,0,125
"Coffee Gift Cup, Yellow Coffee Cup, Tea Cup and Saucer, Yellow Drinkware, Glazed Drinkware, Coffee Drinkware, Ristretto Cup, Decorative Mug",$50.62,0,11,0,39
"Collectible Cup, Kitchen Art Cup, White Cup, Home and Living Minimalist, Drinking Cup, Ceramic Cup, Unique Cup, Ceramic Tumbler",$29.25,0,0,0,92
"Bubbles Vase, Contemporary Vase, Porcelain Vase, White Vase, Gray Vase, Pink Vase, Geometric Decor, Modern Handmade Vase, Green Vase",$134.10,0,0,0,20
"Mountain Vase, Porcelain Vase, Flower Vase, Vitosha Vase, Structural Vase, White Ceramic Vase, Pottery Vase, Table Centerpiece, Small Vase",$90.48,0,0,0,10
"Porcelain Cup, Kitchen Gift, Pink Coffee Mug, Drinking Cup, Party Gift, Tea Cup, Coffee Drinkware, Ceramic Drinkware, Coffee Cup, Art Mug",$47.96,0,0,0,7
"Green Cup, Wedding Gift, Tabletop Decor, Drinking Cup, Tea Mug, Ceramic Art Mug, Geometric Drinkware, Espresso Cup, Ceramic Dinnerware",$48.80,0,0,0,54
"Coffee Cup and Saucer, Coffee Drinkware, Coffee Mug, Small Mug and Saucer, Ceramic Cup, Ceramic Drinkware, Kitchen Gift Cup Kitchen Gift Mug",$51.15,0,0,0,55
"Coffee Cups And Saucer, Black Porcelain Barware, Espresso Set, Porcelain Mugs for Coffee or Tea, Black Ceramic Pottery, Coffee Lovers Gift",$84.75,0,0,0,62