"Product Title","Cost","7 Day Sale","Total Sale","Review","Favorite"
Matrixx Hood | Crochet Pattern | Hooded cowl | English & Spanish Only | Digital PDF|,$5.11,"2,733","7,420",558,"9,974"
"Custom CAT Book Embosser | Monogram Book Stamp Embosser | Rubber Stamp, Self Inking Stamp or Embosser",$24.00,"2,676","8,172","1,282","12,017"
"Personalised Luxurious Soft Touch Rose Gold Pen, Gift Pens for Women, Best Friends Gift, Christmas Gifts, Fancy Custom Pen, Presents for Her",$3.93,"2,521","59,306","11,738","10,346"
"Emotional Support Pickle,Positive Pickle,Big Fan Pickle,Handmade Crochet Pickles,Crochet Sour Cucumber,Home Table Decor,Caring Gift For her",$15.99,"1,650","4,779",498,"7,322"
"Kitty scarf crochet pattern PDF, crochet hat pattern, scarf pattern crochet",$5.07,932,"4,846",322,"4,431"
"Grinch Face Svg, Grinch Hand, Grinch SVG Bundle, Grinch Ornament, Grinch smile, Green Character svg, Grinch Christmas svg, Christmas Grinch",$1.38,772,"1,133",61,791
"Grinch Face SVG, PNG, Cricut, Grinchy face Svg, Christmas Svg, Grinch face cut file",$0.69,735,"1,847",231,"1,276"
"Chenille Letter Patch, 2.2",$0.97,731,"6,831","1,186","1,656"
TOP SELLER - From the Library of Book Embosser Custom Personalized From the Library of Book Belongs to Ex Libris Book Lover Gift 1 5/8,$23.00,692,"48,800","11,357","67,621"
Theo the christmas crackernut amigurumi christmas pattern /ENG - SPA,$6.30,650,996,98,"4,473"
"Custom wax seal stamp kit, Any logo can be customized, Personalized wax seal stamp kit for wedding invitations, Custom wax stamp for gift",$10.11,569,399,28,196
Yarn YarnArt Jeans yarn cotton yarn cotton thread acrylic yarn crochet cotton knitting cotton string cotton fiber classic yarn Turkish yarn,$1.80,532,"10,684","1,129","2,085"
RETURN ADDRESS STAMP | Address Stamp Self Inking | Custom Stamp | Custom Address Stamp | Personalized Address Stamp | Premium Stamp,$9.99,522,"66,192","12,536","30,201"
"CHRISTMAS ULTIMATE BUNDLE, 460 Designs, Heather Roberts Art Bundle, Christmas svg, Winter svg, Holidays, Cut Files Cricut, Silhouette",$1.00,518,"8,937",535,"2,714"
"Personalized From the Library of Book Embosser, Custom Book Stamp,library embosser,Ex Libris Book Lover Gift",$9.26,517,"2,054",152,"5,990"
"Mega SVG Bundle, T Shirt Designs SVG, Svg Files for Cricut, Silhouette Cut Files, Clipart, Svg for Shirts, Flower svg, Cricut, Silhouette",$3.41,503,"30,354","3,017","21,930"
Mabel Chicken CROCHET PATTERN,$5.56,490,"14,188","5,890","38,352"
Baseball Font With Tail Baseball Font TTF SVG PNG and Text Tails Baseball Script Font Softball Font Baseball Font Cricut Baseball Logo Font,$2.99,459,"2,472",251,"1,079"
Snowy the Snowman amigurumi pattern (Spanish and English),$4.90,443,"3,874",383,"4,866"
"Boujee grinch png file, grinch file,grinchmas, digital download, green guy, christmas png, sublimation, leopard, cheetah",$2.25,415,916,50,719
"CHRISTMAS ULTIMATE BUNDLE, 460 Designs, Heather Roberts Art Bundle, Christmas svg, Winter svg, Holidays, Cut Files Cricut, Silhouette",$3.32,413,"1,902",142,926
"Dear Santa Tray SVG Bundle, Christmas SVG, Santa Tray SVG, Santa Plate svg, Santa Milk Cookies svg, Cookies for Santa svg, carrot svg Cricut",$0.99,398,"10,605",878,"6,779"
Personalized Book Stamp | Self Inking Library Stamp | Custom Book Stamp | Bookplate Stamp | From the Library of | Self Inking or Wood Stamp,$13.32,374,"59,350","11,403","60,394"
"CROCHET PATTERN BUNDLE goth victorian skull high neck collar necklace, gothic choker for cosplays, alt wear, festivals or Halloween",$6.75,357,359,53,"1,376"
Big Skulls Mosaic Crochet Pattern Chart by Sixel Design,$4.00,355,"2,349",334,"6,766"
Custom Book Stamp or Embosser! Your Name On A Stamp,$24.00,354,"12,535","2,893","16,172"
Cursive fonts handwritten Cursive fonts for Cricut Cursive font bundle Fonts bundle Wedding font bundle Fonts for Cricut Fonts,$2.00,353,"1,560",89,"1,090"
"SUPER STRENGTH FLAVORING, LorAnn, 1 dram, .125 ounces - Choose from 70 Flavors",$1.64,353,"36,964","4,208","5,220"
"Two Layered Rose Laser Cut Svg Files, Vector Files For Wood Laser Cutting",$1.93,352,"1,402",164,"1,292"
THICK (6mm) ACRYLIC - laserable,$5.99,352,"3,018",312,358
"Christmas Mousefits, Tree, Angel & Pudding Outfits Crochet Pattern",$3.94,351,411,48,"1,122"
100-1000pcs Personalized Fabric label Custom logo Clothing label sewing label sew on fold over label name tag silky clothing tag Size C,$15.99,350,"2,062",362,"2,050"
"Waves connector, sterling silver, gold plated, waves bracelet connector charm, permanent jewelry, CN57",$3.67,350,419,35,261
"Personalized Stethoscope ID Tag, Stethoscope ID Ring, Stethoscope Charm,Stethoscope Name Tag,Nurse Graduation Gift,Gift for Doctor Nurse",$7.47,348,"2,177",349,"2,474"
Crochet Butterfly Bag Pattern PDF,$9.23,347,348,35,"1,660"
DIGITAL Download Doll Clothes Pattern: Sundress for Gen 1 Monster High Girls,$2.99,347,"2,238",237,"3,166"
Digital Adulthood Be Gone Spray Bottle 20oz Tumbler Wrap  20oz - PNG Sublimation 300 dpi Funny Repellent Spray Tumbler,$1.75,346,400,37,826
Christmas baubles ornaments decorations shapes svg bundle Winter Xmas Cut File Cricut Commercial Use sgv baubles shapes dxf eps pdf png jpg,$1.60,346,381,36,300
Original Silk Ribbon - 3 YARDS,$12.00,346,"2,245",323,967
"674 Embroidery Designs, Embroidery Designs, Machine Embroidery Designs, Embroidery Designs For Machine + Bonus Etsy Seller Course",$20.60,346,"1,478",198,"1,258"
"No One Measures Up Personalized Tape Measure, Fathers Day Gift From Daughter, Personalized Gifts For Dad, Gift for Husband, Fathers Day Gift",$9.99,332,"9,150","1,934","5,304"
"Custom Wax Seal Stamp, Custom Any Logo, Personalized Wax Seals, Custom logo wax seal stamp kit for wedding invitation, Wedding wax seal kit",$9.22,332,"4,888","1,299","4,018"
"Personalised minimalist jewellery gift pouch, gift bag,bridesmaid,wedding,earring storage, ring storage,necklace storage, bracelet storage",$5.24,332,333,67,80
"Scrub cap pattern pack, scrub hat sewing pattern scrub cap ponytail PDF scrub caps for women surgical cap nurse medical instant download",$12.73,330,713,72,375
"Crochet Pattern Keychain, Amigurumi Crochet Keychain, Cow Crochet, Daisy Turtle Crochet, Pig Crochet, Duck Crochet, Puppy Crochet",$3.98,330,469,40,"1,270"
Knitting pattern. PDF digital download. Holly and Jolly the cheeky elves. shelf sitter Pattern download.,$3.28,329,331,49,165
Drop shoulder poofy sleeve dress sewing pattern,$7.45,328,845,89,"5,374"
"North Pole Embroidery Design, Christmas Embroidery Designs, Trendy Christmas Embroidery File, Winter Embroidery Designs",$3.84,328,329,32,"1,977"
"Winter SVG Bundle, Christmas Svg, Winter svg, Santa svg, Christmas Quote svg, Funny Quotes Svg, Snowman SVG, Holiday SVG, Winter Quote Svg",$1.00,327,"13,208","1,349","12,291"
"Dear Person Behind Me SVG Bundle, Person Behind me svg, kindness svg, To The Person Behind, Positive Quotes svg , Person Behind Me Shirt svg",$1.97,327,348,25,239
"Candle foil MERRY CHRISTMAS candle tattoo, tattoo foil, candle sticker, water slide foil",$3.83,326,370,37,206
Crochet pattern baby rabbit English and Polish / Crochet PATTERN plush toy / Amigurumi stuff toys tutorial rabbit / Pattern amigurumi plush,$5.40,326,"2,279",336,"9,077"
"Family Name Monogram SVG Bundle, Monogram SVG, Split Monogram svg, Family svg, Family Sign svg, Wedding Monogram svg, family name svg Cricut",$0.99,324,"3,731",323,"2,908"
6mm Daisy Spacers - Silver Daisy Spacers - Heishi Beads - Silver Spacer Beads - Antique Silver - 6mm Spacer Beads - 100pcs - (B518),$4.49,324,405,81,243
Bow Tie Router Templates (Clear Acrylic),$22.24,324,325,67,528
"cow, crochet cow, cow crochet pattern, crochet pattern, amigurumi, pattern, crochet, cow tutorial",$3.00,323,"2,256",291,"3,846"
"Book Embosser Personalized | From the Library of Stamp | Ex Libris Stamp | Rubber Stamp, Self Inking Stamp or Embosser | SKU: STL059",$9.00,323,"4,671","1,240","7,348"
"Iron-on foil, flex foil, htv, plotter foil 20 cm x 30 cm approx DIN A4 for - Silhouette CAMEO - Cricut - Roland - Graphtec - Titan - Mimaki - Summa",$1.81,323,325,36,21
"Scandinavian Christmas watercolor clipart, Cute Santa watercolor graphics, christmas gnome png, scnadinavian folk art decor",$7.72,323,324,39,"1,021"
Christmas svg Bundle Buddy the Elf svg Funny svg Elf Movie svg files for Cricut Downloads Silhouette,$3.75,322,"1,126",69,"1,333"
"Dala Horse Silicone mold , Home Decoration Different Size Horse Moulds ,Handmade Concrete Cement jesmonite, raysin epoxy resin Gift Molds",$4.59,313,"1,213",236,783
Bundle of 40 Add your own text Agate Confetti Glitter Gold Geode Sublimation Tumbler Designs - 20oz Skinny Tumbler Wraps Templates - PNG,$12.50,312,"1,324",89,"3,312"
CROCHET PATTERN - Colbie The Cow,$4.13,312,"13,624","2,044","42,110"
"30 Pc. Kawaii Mini Memo Sheet Grab Bag Stationery Homework, School Supplies, Paper Supplies, Snail mail, Notes, Scrapbooking, Packing Slips.",$1.83,312,313,127,192
Cricut only Don't Be A Cotton Headed Ninny Muggins Elf Movie SVG PNG cut file,$1.25,311,445,34,744
Antiqued Silver Ox Finish Leverback Earring Lever Back Earring Hooks Findings with Ring US Made Jewelry Supply - 12,$8.25,310,444,86,364
"Skirt Pattern, Vintage Skirt Pattern, Clothes Pattern, Pattern Clothes, PDF Sewing Pattern, Skirt Sewing Pattern, Sewing Pattern Skirt",$3.00,310,311,26,"1,233"
Wooden Greek Alphabet Letters - with Adhesive Backing - Round Font,$0.85,310,703,54,55
"Crochet PATTERN dog, Amigurumi tutorial PDF in English, crochet puppy crochet pattern PDF Christmas gift  Baby shower dog crochet pattern",$1.88,310,"14,141","1,669","19,922"
Ditsy Skirt Sewing Digital Pdf Pattern | Elastic Waist Skirt | Long Flared Skirt US 0-12 | UK 4-16 | EU32-44 | 2xs-2xl,$5.83,310,311,32,"2,054"
Rope Script Monogram Font Alphabet Machine Embroidery Designs Nautical,$2.40,309,"1,460",141,"3,338"
Riley Blake Confetti Cottons - Solid Cotton Fabric - Quilt Fabrics Sold by the 1/2 Yard,$3.99,309,"4,403",743,"1,598"
"18K Gold Filled Sailor's Clasp, Large Spring Ring Include Loops 10mm / 12mm / 15mm/20mm for Large Necklace, Bracelet Findings",$1.96,309,310,40,435
"Tarot Cards removable knitting progress keepers and crochet stitch markers. Set of 3 of The Moon, The Star and Sun; celestial cards",$8.00,308,309,122,"1,083"
"DIY Pottery Kit, Air Dry Clay Kit, Christmas Gift",$27.12,306,"1,182",96,"2,142"
"Fall Cuddler Easy Knit Throw Blanket Pattern, Chunky Knit Blanket Pattern, Textured Knit Blanket, Winter Blanket Knitting Pattern",$5.99,306,"2,727",205,"2,273"
Mama SVG - Mama EST SVG - Mom Life - Digital Download - Cricut - Silhouette Cut File,$0.74,306,339,27,774
Snowflakes & icicles - embossing polymer clay jewellery cutters,$2.97,305,306,71,249
"Combo 6in1 Adorable Farm No Sew Crochet Pattern, No Sew Amigurumi Crochet Patterns | Duck, Mallard Duck, Rooster, Pig, Cow, Sheep Pattern",$5.95,305,"1,220",69,"3,033"
"Pomegranate Seed Pendants, Gold Plated Resin Individual Pink, Red, Blood Red Pomegranate Fruit Seeds Charm | X-734, X-753, X-754",$2.99,305,412,48,"1,172"
Dissolving Diamonds - odd count peyote stitch bracelet pattern (no physical bracelet),$5.72,298,385,50,675
"Sweet Christmas Bakery watercolor clipart, Cute Santa's bakery, baking watercolor supplies clipart, Vintage Kitchen, sweet png",$8.61,298,299,36,"1,128"
Machine Embroidery designs Mouse SET Fill Mouse Embroidery design Mouse Head Pattern INSTANT Download 4x4 5x7 Stickdatei Maus,$3.00,298,"1,755",139,"1,466"
"Teachers Plant Seeds That Grow Forever Svg, Teacher Sunflower Svg, Teach Love Inspire Svg, Funny Teacher Shirt Svg File, Digital Download",$2.71,298,"1,080",68,"1,183"
"Full Beginner Embroidery Pdf Pattern, Basic Embroidery Stitches Tutorial, Digital Pattern",$6.34,298,949,154,"4,413"
"Anime Character tumbler design 20 oz  tumbler design,Sublimation design,Instant Digital Download",$1.75,298,299,37,331
"Toy Story FONT SVG, Instant Download, Toy Story Alphabet SVG, Toy Story ClipArt, Toy Story Alphabet Letters and Numbers Svg, Toy Story Svg",$1.96,298,"2,470",258,"1,277"
"Cute Angel Silicone mold, Heart Angel Wings, Home Decoration  Moulds ,DIY Handmade Concrete Cement jesmonite, raysin ,epoxy resin Gift Molds",$9.60,297,"1,080",211,795
"102118     925 Silver texture ring  ,    14K gold Vermeil ring             2.8mm Wide",$15.60,297,"12,278","3,305","45,474"
28mm Ceramic Christmas tree replacement medium flame bulb star,$1.73,296,297,65,75
"Morty the Bat sewing pattern, instant download PDF, halloween diy, halloween decor, gift, felt softie, spooky bat decor, kawaii plushie gift",$8.50,296,297,43,"1,341"
"3D Highland Cow Papercut Template SVG, PDF, PNG, Dxf, Layered Paper Ornament Bauble, Shadowbox card, Hand or Machine cut, Commercial Use",$3.99,296,"1,373",156,"2,203"
Bead Soup - Gemstone Crystal Beads // 80 Gram Package - 100+ Beads in Every Lot,$7.70,296,297,97,"1,057"
PATTERN: Crochet pacifier clip,$5.00,296,620,64,708
Halloween Granny Squares Crochet Pattern,$8.00,295,296,27,"1,602"
"BOBBINY 3mm Braided Cord (1 ct)| 328ft, 100m, 108yd| 6-super bulky cotton yarn| For Crochet, Knitting, Macrame, Craft| FREE SHIPPING 35+ usd",$15.85,293,298,50,59
Tiktok Hooded Cowl | PDF | Crochet PATTERN | Digital download | hooded cowl with panels | English and French,$5.13,293,"11,570","1,112","11,977"
Hello Fall Diamond Art Kit,$24.00,293,294,58,137
"12mm Cabochon Tag, 50 Raw Brass Cabochon Tags , Stamping Tags (12mm) Brs 68 A0290",$5.17,292,790,72,281
"447 colors DMC, Round Diamond Painting Drills,  Replacement Beads, 892 - 955. Fast shipping from USA",$0.95,292,"1,333",153,196
"Display Stand Laser Cut Svg Files, 4 Shelf Display Stand Files, Vector Files For Wood Laser Cutting",$1.93,285,"1,116",131,"1,110"
FishEye Buttons Quality Baby Cardigans 2 Hole Various Colours and Sizes Available Knitted Baby Clothes 11mm 14mm 16.5mm,$1.02,285,291,64,43
Scrapbooking Lace Paper 20 Sheets Pack | Vintage Lace Paper Journaling Materials | Antique Lace Junk Journal | Retro Journaling Supplies,$10.00,284,285,33,892
"Crochet Teddy Bear Blanket Pattern, Crochet Bear Blanket Pattern by Maisie and Ruth | *Instant Download* | **PATTERN ONLY**",$4.55,284,"1,983",287,"3,254"
Ticket Inspired Address Stamp // Return Address Stamp // Wedding Stamp // Modern Address Stamp // Housewarming Gift // Gifts for Homeowners,$25.46,284,285,77,"1,064"
Unique Star Wars Drawing SVG PNG JPG | Dark Side dxf eps pdf | Cut File | Cut Friendly | Printable | Instant Digital Zip Download Cricut,$1.63,283,284,36,252
Crochet PATTERN PDF Amigurumi The christmas Grinch thief / Crochet pattern Grinch mini baby,$7.34,282,"1,879",213,"2,614"
"Christmas Ornament Bundle, cutfiles, for Cricut or Silhouette, round christmas svg, Ornament cutfiles, farmhouse christmas ornament svg",$5.00,282,983,72,621
"NEW Colors! Enamelling Powder. Cold enamel. Lowfired. Colorful enamel. Vitrage, transparent colors for glass and vitrage",$4.70,282,283,22,137
"10 pieces of mini bricks for gnomes, dollhouses or as accessories for the gnome construction site or the gnome's move-in",$2.52,281,283,42,163
"Advent Craft Kits, Christmas Embroidery Kits, Advent Embroidery Kit, Xmas Needlecraft Kits, Christmas Craft Kits, DIY Christmas Gifts",$43.95,281,283,42,608
"I am the storm half sugar skull svg cut file for cricut, silhouette and other cut machines",$4.00,281,"1,077",67,"1,294"
"Custom Paint by Number, Custom Painting from Photo, Paint by Number Kit, Personalized Paint Your Photos, Canvas Wall Art for Gift, 24 Colors",$19.48,281,"1,970",348,"1,568"
"Itty Bitty Mini Pops, NO SEW, Mini Pops, Crochet Pattern, Pocket, Amigurumi, Pattern, Crochet Fidget, Amigurumi Pattern, Fidget Pattern",$3.50,280,"6,774","1,149","6,266"
"Edgar Allan Poe ~ Master of the Macabre - Gothic Cross Stitch Pattern - Modern, The Raven, Halloween, Tell Tale Heart, Black Cat",$6.34,279,280,59,"1,219"
Fishy Aleks Crochet Sweater – ** PATTERN ONLY **,$12.07,279,280,22,"2,583"
"Bundle Animal Kingdom Svg, Family Vacation Svg, Family Squad Svg, Vacay Mode Svg, Magical Kingdom Svg",$3.15,278,279,26,267
"Keyring Self Inking Stamp, Suitable for NHS Workers.",$16.42,277,359,85,119
Branch Out Shawl | Crochet Pattern,$3.00,277,"1,575",120,"1,993"
Hollywood Glam Robe Pattern | INSTANT DOWNLOAD | Printable Sewing Pattern | Dressing Robe | Easy Sewing Pattern | Kimono Robe- Sizes 14-32,$7.50,277,278,28,"2,023"