Product Title,Cost,7 Day Sale,Total Sale,Review,Favorite,Cost_Group,Favorite_Group,Review_Group
"Iron-on foil, flex foil, htv, plotter foil 20 cm x 30 cm approx DIN A4 for - Silhouette CAMEO - Cricut - Roland - Graphtec - Titan - Mimaki - Summa",1.81,323,325,36,21,0,0,1
FishEye Buttons Quality Baby Cardigans 2 Hole Various Colours and Sizes Available Knitted Baby Clothes 11mm 14mm 16.5mm,1.02,285,291,64,43,0,0,2
"NEW Colors! Enamelling Powder. Cold enamel. Lowfired. Colorful enamel. Vitrage, transparent colors for glass and vitrage",4.7,282,283,22,137,0,1,1
"10 pieces of mini bricks for gnomes, dollhouses or as accessories for the gnome construction site or the gnome's move-in",2.52,281,283,42,163,0,1,1
Knitting pattern. PDF digital download. Holly and Jolly the cheeky elves. shelf sitter Pattern download.,3.28,329,331,49,165,0,1,1
Wooden Greek Alphabet Letters - with Adhesive Backing - Round Font,0.85,310,703,54,55,0,1,2
28mm Ceramic Christmas tree replacement medium flame bulb star,1.73,296,297,65,75,0,1,2
"Personalised minimalist jewellery gift pouch, gift bag,bridesmaid,wedding,earring storage, ring storage,necklace storage, bracelet storage",5.24,332,333,67,80,0,1,2
"30 Pc. Kawaii Mini Memo Sheet Grab Bag Stationery Homework, School Supplies, Paper Supplies, Snail mail, Notes, Scrapbooking, Packing Slips.",1.83,312,313,127,192,0,1,2
"447 colors DMC, Round Diamond Painting Drills,  Replacement Beads, 892 - 955. Fast shipping from USA",0.95,292,1333,153,196,0,1,2
"Christmas Trees Embroidery, Christmas Trees Machine Embroidery, Christmas Embroidery Design, 5 Option, 25 size",3.84,154,196,12,243,0,2,1
Christmas Earrings SVG Cut File | Stud Earrings SVG Bundle | Holiday SVG | Snowflake Svg | Ornament Svg | Christmas Tree Svg | Glowforge Svg,6,141,143,13,326,0,2,1
"1PC - White Opal Oval Pendant, Dainty Dangle Opal Charms, Tiny Point Charms, Rose Gold Plated  [G0128-PRGWH]",2.86,269,283,14,373,0,2,1
"1PC - White Opal Oval Pendant, Dainty Dangle Opal Charms, Tiny Point Charms, Rose Gold Plated  [G0128-PRGWH]",2.86,269,283,14,373,0,2,1
"Photoshop Sports Poster Template for Use with Any Sport, Digital Template, Sports Background, Custom Poster Banner Makes a Great Team Gift",5,188,203,14,370,0,2,1
"Photoshop Sports Poster Template for Use with Any Sport, Digital Template, Sports Background, Custom Poster Banner Makes a Great Team Gift",5,188,203,14,370,0,2,1
Nativity Scene Svg Png Dxf Hand Drawn Christian Christmas Advent Jesus Angel Religious Christmas A Thrill of Hope instant digital download,1.98,154,169,14,394,0,2,1
"Christmas Standing Train File SVG, Santa, Rudolph, Gingerbread, Glowforge, LuckyHeartDesignsCo",7.99,201,242,15,273,0,2,1
"Christmas Standing Train File SVG, Santa, Rudolph, Gingerbread, Glowforge, LuckyHeartDesignsCo",7.99,201,242,15,273,0,2,1
"31 GM Muscle car machine embroidery designs, racecar embroidery, camarro pattern, pontiac firebird, large sports car design instant download",4.69,140,221,15,227,0,2,1
"Teacher SVG, Teacher Shirt Svg, Teacher Happy Face Svg, Teacher Png, Teacher Appreciation Svg, Teacher Life Svg,Retro Teacher Svg,School Svg",1.79,168,193,16,414,0,2,1
"Plastic Pearl Beads Holder for Drilling Holes, Bead Drilling Device Holder for Jewelry Making Tools",3.75,142,142,16,243,0,2,1
"10 x Christmas Tree Svg Bundle, Christmas Tree SVG PNG PDF, Christmas Svg, Xmas Sublimation, Holidays Tree for Tshirt Cut file for Cricut",1.97,142,143,17,204,0,2,1
"Crochet Spiral Christmas Tree, Home decor, Xmas ornament, Table centrepiece and gift, Experienced Beginner,  PDF PATTERN ONLY",3.55,142,143,17,393,0,2,1
"Jolly Assholes sign SVG, Christmas welcome sign SVG, Snarky Christmas door hanger SVG, Funny Christmas sign, Glowforge Svg, laser cut file",3.74,141,261,18,441,0,2,1
"2A 2nd amendment svg, Second amendment svg, gun svg, patriotic svg, guns svg, constitution svg, military svg -Printable, Cricut & Silhouette",2.4,206,207,18,262,0,2,1
"2A 2nd amendment svg, Second amendment svg, gun svg, patriotic svg, guns svg, constitution svg, military svg -Printable, Cricut & Silhouette",2.4,206,207,18,262,0,2,1
Cute Gift Money & Chocolate Holder Laser Cut File | Original Teacher Gift | 3 Different Designs | Glowforge,2.5,198,224,18,360,0,2,1
Cute Gift Money & Chocolate Holder Laser Cut File | Original Teacher Gift | 3 Different Designs | Glowforge,2.5,198,224,18,360,0,2,1
"Hanging Plant crochet pattern, Crochet hanging plant for car, Hanging Plant Pattern, Hanging basket crochet",2.21,196,253,19,298,0,2,1
"Grinch/Jack Skeleton Nightmare Before Christmas Png Digital Download, Great Christmas Image. Perfect for all your Projects.",4.99,215,244,19,488,0,2,1
"Hanging Plant crochet pattern, Crochet hanging plant for car, Hanging Plant Pattern, Hanging basket crochet",2.21,196,253,19,298,0,2,1
"100pcs Raw Brass Drop Rings, Findings 21mm x 15mm - F320",2.9,141,161,19,234,0,2,1
"Fra Gee Lay, Christmas Story, Leg Lamp, svg, png, eps, dxf, jpg files for Sublimation, Cricut or Silhouette",2.75,206,207,19,214,0,2,1
"Fra Gee Lay, Christmas Story, Leg Lamp, svg, png, eps, dxf, jpg files for Sublimation, Cricut or Silhouette",2.75,206,207,19,214,0,2,1
Sweet Lace Borders Set SVG Cut File & Clipart BF023 - Includes Limited Commercial Use!,2.76,140,220,19,287,0,2,1
"Gold design elements, gold brush strokes, foil, glitter, frames, circles, squares, gold banners, logo, blog, download",1.86,141,222,20,250,0,2,1
PATTERN: Crochet keychain,6.04,188,189,20,249,0,2,1
PATTERN: Crochet keychain,6.04,188,189,20,249,0,2,1
Snowman Pillow PDF Crochet Pattern INSTANT DOWNLOAD,1.99,193,194,21,410,0,2,1
Snowman Pillow PDF Crochet Pattern INSTANT DOWNLOAD,1.99,193,194,21,410,0,2,1
Grand Canary Cardi-Crochet PATTERN-English USA & Dutch,5.5,213,235,21,343,0,2,1
"CATNAP Romper sewing pattern PDF,  Jersey + Woven",5.16,141,221,22,385,0,2,1
16 Seamless Pink Glitter Animal Skin Prints Digital Papers 300 dpi commercial use instant download Cheetah leopard zebra tiger snake giraffe,4.49,141,221,22,320,0,2,1
"10 FUNNY LITTLE BUNNIES - Toy knitting pattern, 4",4.38,143,225,23,300,0,2,1
"18K Gold Filled Oval Carabiner Clasp,Buckle Clasp,Carabiner Screw Clasp,Turnbuckle,for DIY Jewelry",3.55,204,235,24,259,0,2,1
Printable Taco Seasoning Mix - PDF / SVG / JPG Craftologist Homemade Taco Seasoning Recipe Printable-Print yourself at home!,1.99,195,232,24,360,0,2,1
Add-on for Interchangeable Farmhouse Truck SVG | 12,3.87,209,235,24,218,0,2,1
Hanging Basket - Teardrop Cocoon Crochet Pattern,4.23,187,268,24,231,0,2,1
Printable Taco Seasoning Mix - PDF / SVG / JPG Craftologist Homemade Taco Seasoning Recipe Printable-Print yourself at home!,1.99,195,232,24,360,0,2,1
Add-on for Interchangeable Farmhouse Truck SVG | 12,3.87,209,235,24,218,0,2,1
"18K Gold Filled Oval Carabiner Clasp,Buckle Clasp,Carabiner Screw Clasp,Turnbuckle,for DIY Jewelry",3.55,204,235,24,259,0,2,1
"56 Boho Woodland Animals Clipart Watercolor Bundle, Commercial use, Transparent PNG, Baby Nursery, Fox, Bear, Deer, Hedgehog, Raccoon, Owl",2.66,159,160,24,258,0,2,1
"Dear Person Behind Me SVG Bundle, Person Behind me svg, kindness svg, To The Person Behind, Positive Quotes svg , Person Behind Me Shirt svg",1.97,327,348,25,239,0,2,1
"Spooky Ghost with Coffee Embroidery Design, Ghost Coffee Halloween Embroidery Design, Ghost Drinking Coffee Embroidery Design, 4 sizes",3,217,218,25,299,0,2,1
"12 Embossed Leather Digital Paper, Seamless Design, Floral Western Brown Textures, Commercial Use, Digital Download",1.99,195,196,25,226,0,2,1
"12 Embossed Leather Digital Paper, Seamless Design, Floral Western Brown Textures, Commercial Use, Digital Download",1.99,195,196,25,226,0,2,1
"Dear Person Behind Me SVG Bundle, Person Behind me svg, kindness svg, To The Person Behind, Positive Quotes svg , Person Behind Me Shirt svg",1.97,327,348,25,239,0,2,1
"Swifties 40oz Engraved Tumbler SVG, Laser Engraved, Digital Download, Tumbler Wrap For Laser Rotary, Seamless Pattern for 40oz Tumbler",5,256,259,25,328,0,2,1
"Christmas stitch svg ,Merry Christmas Svg, Merry Stitchmas Svg, Stitch Layered Svg,blue alien svg ,Family Christmas Svg, Xmas Character Svg",1.52,158,330,25,237,0,2,1
"Dear Person Behind Me SVG Bundle, Person Behind me svg, kindness svg, To The Person Behind, Positive Quotes svg , Person Behind Me Shirt svg",1.97,327,348,25,239,0,2,1
Crochet Bong || Cat toy || PDF | Crochet PATTERN | English,1.93,164,344,25,223,0,2,1
"Bundle Animal Kingdom Svg, Family Vacation Svg, Family Squad Svg, Vacay Mode Svg, Magical Kingdom Svg",3.15,278,279,26,267,0,2,1
"Bundle Animal Kingdom Svg, Family Vacation Svg, Family Squad Svg, Vacay Mode Svg, Magical Kingdom Svg",3.15,278,279,26,267,0,2,1
"Bundle Animal Kingdom Svg, Family Vacation Svg, Family Squad Svg, Vacay Mode Svg, Magical Kingdom Svg",3.15,278,279,26,267,0,2,1
"Snowflakes Svg Bundle,Snowflakes Svg,Winter Svg,Christmas Svg,Snowflake Cricut,Snowflake Cut File,Snowflake Silhouette, Snowflake Png,vector",1.26,260,286,26,258,0,2,1
"Snowflakes Svg Bundle,Snowflakes Svg,Winter Svg,Christmas Svg,Snowflake Cricut,Snowflake Cut File,Snowflake Silhouette, Snowflake Png,vector",1.26,260,286,26,258,0,2,1
Merry Mosaic Stocking,5,204,229,26,338,0,2,1
Merry Mosaic Stocking,5,204,229,26,338,0,2,1
Mini Rubber Stamp Airplane,1.9,143,170,27,237,0,2,1
1 pc 18K Gold koi fish charm pendant Japanese koi carp disc Coin charm-Component supply Animal Jewelry- 18mm- 1 pc per order,3,141,222,27,370,0,2,1
"Embroidered Patches, Custom Made Patch, Made To Order, Free Shipping On All Orders, No Minimum, Iron on backing available",1.8,212,215,28,238,0,2,1
"Halloween Ghost Beads DIY Beaded Pen Necklace Jewelry Making, Bulk Silicone Beads, 1-50Pcs Silicone Focal Beads",2.9,141,201,28,241,0,2,1
"Quilted Christmas Ornament Pattern, Mini FPP pattern, PDF instant download, home Decor, Modern Christmas DIY Pattern",7.55,212,214,29,300,0,2,1
"Cheers Ears New Year SVG, Quote DIY Cutting File - svg, png, dxf - Files Silhouette Cameo/Cricut",2.5,187,322,29,378,0,2,1
"Quilted Christmas Ornament Pattern, Mini FPP pattern, PDF instant download, home Decor, Modern Christmas DIY Pattern",7.55,212,214,29,300,0,2,1
23 Watercolor winter wonderland background - winter landscape printable graphics in JPG format for commercial use,2.06,158,182,30,272,0,2,1
"AA+ 5.5-6mm*6.8-7.3mm white oval freshwater pearls, white rice pearl,Freshwater Pearl Rice Beads,LR5-2A-2",7.99,151,181,30,207,0,2,1
U Pick 2 or 5 Sets Sterling Silver End Cap with Clasp for 1mm 1.5mm 2.5mm Leather Cord Beading Wire for Necklace Bracelet Jewelry Making,4.29,142,142,31,204,0,2,1
"Small Flowers Print Calico Poly Cotton, non-stretch, Sells by the Yard, 3 Colors available.",5,142,142,31,277,0,2,1
"50-100 pcs Whole Sale Mix of Colorful Buttons, Bulk Wooden Buttons. 0.75, 1 inch sizes. Vintage Buttons, Sewing, Notions, Classic Buttons",4.38,163,164,31,298,0,2,1
"Set of Sublimation Designs with Classic Winnie the Pooh and other elements: Baby Shower & Birthday decor, Watercolor bear Clipart PNG",4.5,210,211,31,359,0,2,1
"Set of Sublimation Designs with Classic Winnie the Pooh and other elements: Baby Shower & Birthday decor, Watercolor bear Clipart PNG",4.5,210,211,31,359,0,2,1
MOIKO texture tiles - 7.21,7.39,143,224,31,283,0,2,1
"Sometimes You Forget You're Appreciated So This Is Your Reminder Svg, best friend svg, Bestie svg,coworker svg, appreciation svg,friends svg",2.4,337,370,32,367,0,2,1
Floral Lace Embossed Faux Leather Rolls,4.95,292,326,32,270,0,2,1
Floral Lace Embossed Faux Leather Rolls,4.95,292,326,32,270,0,2,1
"Blue Christmas Junk Journal kit Mixed Media, digital papers, blue printable journal pages, journaling papers,digital download, card making",3.83,193,194,32,218,0,2,1
"Sometimes You Forget You're Appreciated So This Is Your Reminder Svg, best friend svg, Bestie svg,coworker svg, appreciation svg,friends svg",2.4,337,370,32,367,0,2,1
"Blue Christmas Junk Journal kit Mixed Media, digital papers, blue printable journal pages, journaling papers,digital download, card making",3.83,193,194,32,218,0,2,1
"Fast Shipping!! Grumpy Face Cookie Stencil, Face Stencil, Christmas PYO Stencil, Christmas Stencil, Christmas Cookie Stencil",6.5,166,250,33,209,0,2,1
Mini Rubber Stamp Syringe,2.17,153,208,33,228,0,2,1
Machine embroidery file - skeleton with hat light effect,4.68,160,161,34,341,0,2,1
"Waves connector, sterling silver, gold plated, waves bracelet connector charm, permanent jewelry, CN57",3.67,350,419,35,261,0,2,1
"Waves connector, sterling silver, gold plated, waves bracelet connector charm, permanent jewelry, CN57",3.67,350,419,35,261,0,2,1
"Book Embosser Personalized , Custom From the Library of Book Stamp, Library Embosser, Ex Libris Book Stamp, Great Book Lover Gift",6.77,300,367,35,384,0,2,1
KNITTING PATTERN Easy Baby Blanket For Baby Boy Baby Girl ENGLISH,2.8,249,357,35,270,0,2,1
"Waves connector, sterling silver, gold plated, waves bracelet connector charm, permanent jewelry, CN57",3.67,350,419,35,261,0,2,1
"Book Embosser Personalized , Custom From the Library of Book Stamp, Library Embosser, Ex Libris Book Stamp, Great Book Lover Gift",6.77,300,367,35,384,0,2,1
8 pc. Raw Brass Rounded Chevron Charms: 24mm by 13mm - made in USA | RB-163,5.3,197,233,36,449,0,2,1
8 pc. Raw Brass Rounded Chevron Charms: 24mm by 13mm - made in USA | RB-163,5.3,197,233,36,449,0,2,1
Unique Star Wars Drawing SVG PNG JPG | Dark Side dxf eps pdf | Cut File | Cut Friendly | Printable | Instant Digital Zip Download Cricut,1.63,283,284,36,252,0,2,1
Christmas baubles ornaments decorations shapes svg bundle Winter Xmas Cut File Cricut Commercial Use sgv baubles shapes dxf eps pdf png jpg,1.6,346,381,36,300,0,2,1
Unique Star Wars Drawing SVG PNG JPG | Dark Side dxf eps pdf | Cut File | Cut Friendly | Printable | Instant Digital Zip Download Cricut,1.63,283,284,36,252,0,2,1
Unique Star Wars Drawing SVG PNG JPG | Dark Side dxf eps pdf | Cut File | Cut Friendly | Printable | Instant Digital Zip Download Cricut,1.63,283,284,36,252,0,2,1
Christmas baubles ornaments decorations shapes svg bundle Winter Xmas Cut File Cricut Commercial Use sgv baubles shapes dxf eps pdf png jpg,1.6,346,381,36,300,0,2,1
Christmas baubles ornaments decorations shapes svg bundle Winter Xmas Cut File Cricut Commercial Use sgv baubles shapes dxf eps pdf png jpg,1.6,346,381,36,300,0,2,1
"Candle foil MERRY CHRISTMAS candle tattoo, tattoo foil, candle sticker, water slide foil",3.83,326,370,37,206,0,2,1
"Candle foil MERRY CHRISTMAS candle tattoo, tattoo foil, candle sticker, water slide foil",3.83,326,370,37,206,0,2,1
"Candle foil MERRY CHRISTMAS candle tattoo, tattoo foil, candle sticker, water slide foil",3.83,326,370,37,206,0,2,1
"18pc. Hot Dogs, Miniature resin Cabochon, Faux Food, Fast Food, Baseball",4.97,161,162,37,248,0,2,1
"30 Sterling Silver Cup and Peg Drop for Half Drilled Pearl Bead, 925 Silver Cup Peg, Pearl Jewelry Findings, Pendant Charm Bail Cup",7.96,141,222,37,337,0,2,1
"Anime Character tumbler design 20 oz  tumbler design,Sublimation design,Instant Digital Download",1.75,298,299,37,331,0,2,1
"Anime Character tumbler design 20 oz  tumbler design,Sublimation design,Instant Digital Download",1.75,298,299,37,331,0,2,1
"Anime Character tumbler design 20 oz  tumbler design,Sublimation design,Instant Digital Download",1.75,298,299,37,331,0,2,1
"Script embroidery font , Machine embroidery design , BX cursive thin callighraphic embroidery font Hailey",5.05,260,261,39,383,0,2,1
"Script embroidery font , Machine embroidery design , BX cursive thin callighraphic embroidery font Hailey",5.05,260,261,39,383,0,2,1
"18K Gold Filled Sailor's Clasp, Large Spring Ring Include Loops 10mm / 12mm / 15mm/20mm for Large Necklace, Bracelet Findings",1.96,309,310,40,435,0,2,1
"18K Gold Filled Sailor's Clasp, Large Spring Ring Include Loops 10mm / 12mm / 15mm/20mm for Large Necklace, Bracelet Findings",1.96,309,310,40,435,0,2,1
"Jesus Christmas Begins With Christ SVG, Christmas T-Shirt, Christmas T-Shirt Sublimation, Jesus Merry Christmas, Jesus Christmas Sublimation",2.75,344,345,40,488,0,2,1
"18K Gold Filled Sailor's Clasp, Large Spring Ring Include Loops 10mm / 12mm / 15mm/20mm for Large Necklace, Bracelet Findings",1.96,309,310,40,435,0,2,1
"Jesus Christmas Begins With Christ SVG, Christmas T-Shirt, Christmas T-Shirt Sublimation, Jesus Merry Christmas, Jesus Christmas Sublimation",2.75,344,345,40,488,0,2,1
Premium Quality 14Yds Broderie Anglaise cotton eyelet lace trim 5.1,2.6,142,223,40,426,0,2,1
"900+ Files The Grinch Svg Bundle Layered Item, Clipart, Cricut, Digital Vector Cut Files, 190+ Unique Designs",1.48,199,461,40,200,0,2,1
Red car croc charm | croc jibbitz | shoes accessories |,1.97,276,319,40,341,0,2,1
"900+ Files The Grinch Svg Bundle Layered Item, Clipart, Cricut, Digital Vector Cut Files, 190+ Unique Designs",1.48,199,461,40,200,0,2,1
"Most Likely to Svg with Your Custom Text, Get Creative with Custom Most Likely to Christmas Svg, Personalized Christmas Most Likely to Svg",0.9,286,365,40,285,0,2,1
"Most Likely to Svg with Your Custom Text, Get Creative with Custom Most Likely to Christmas Svg, Personalized Christmas Most Likely to Svg",0.9,286,365,40,285,0,2,1
Mini Embroidery Design Christmas - 3 Sizes - INSTANT DOWNLOAD,2.8,317,318,40,228,0,2,1
Mini Embroidery Design Christmas - 3 Sizes - INSTANT DOWNLOAD,2.8,317,318,40,228,0,2,1
"Saints svg, Saint svg, Saints mascot svg, Saints png, Saints logo svg, school spirit png, Saints shirt, Cricut designs Cricut svg school svg",1.95,155,661,40,254,0,2,1
Red car croc charm | croc jibbitz | shoes accessories |,1.97,276,319,40,341,0,2,1
1 Yd- 20 Colours Pencil Shaving/ Ruffle Trim -3cm width Pleated/Gathered- Doll Clothes,3.52,188,196,41,207,0,2,1
1 Yd- 20 Colours Pencil Shaving/ Ruffle Trim -3cm width Pleated/Gathered- Doll Clothes,3.52,188,196,41,207,0,2,1
"Christmas Balls Svg Laser Cutting Files, Christmas Tree Svg Craft Hanging Tree Ornaments, Christmas Baubles for XTool, Lightburn etc #067",2.54,206,497,41,439,0,2,1
"Christmas Balls Svg Laser Cutting Files, Christmas Tree Svg Craft Hanging Tree Ornaments, Christmas Baubles for XTool, Lightburn etc #067",2.54,206,497,41,439,0,2,1
"Patchwork Squares - Greens, White  Florals & Spots -  4",7.89,159,160,45,255,0,2,1
Stainless Steel Pill Beads with Cross Pattern for Jewelry Bracelet Necklace Making 11.5*4MM,2.5,152,218,45,280,0,2,1
"20 Space Wars Clipart Collection, Perfect for party invitations, wall art,  birthday cards and decorations - Instant Download",3.61,266,268,46,284,0,2,1
"20 Space Wars Clipart Collection, Perfect for party invitations, wall art,  birthday cards and decorations - Instant Download",3.61,266,268,46,284,0,2,1
Gather Cutting Board Digital File SVG with Pine Trees Laser Ready,4,270,271,48,482,0,2,1
Gather Cutting Board Digital File SVG with Pine Trees Laser Ready,4,270,271,48,482,0,2,1
"Hibiscus Svg, Floral Svg, Flower Svg, Svg Files For Cricut",1.57,160,818,49,496,0,2,1
Lab Grown White Moissanite Round Shape Eye Clean Quality DEF Color Available in 2MM-12.5MM,1.75,163,211,50,256,0,2,1
Personalize it - Distressed American Flag Digital Cut File  - Digital Files - Flag SVG - DXF - Flag EPS - png - Custom Flag Vector Clipart,1.4,164,839,50,334,0,2,1
Snowflakes & icicles - embossing polymer clay jewellery cutters,2.97,305,306,71,249,0,2,2
"12mm Cabochon Tag, 50 Raw Brass Cabochon Tags , Stamping Tags (12mm) Brs 68 A0290",5.17,292,790,72,281,0,2,2
6mm Daisy Spacers - Silver Daisy Spacers - Heishi Beads - Silver Spacer Beads - Antique Silver - 6mm Spacer Beads - 100pcs - (B518),4.49,324,405,81,243,0,2,2
Antiqued Silver Ox Finish Leverback Earring Lever Back Earring Hooks Findings with Ring US Made Jewelry Supply - 12,8.25,310,444,86,364,0,2,2
THICK (6mm) ACRYLIC - laserable,5.99,352,3018,312,358,0,2,3
"No Sew Bowling Llama Crochet Pattern, Plushie Amigurumi PDF File Tutorial in English Deutsch Français Español Português",2.97,192,203,11,684,0,3,1
CROCHET PATTERN • Swirly Bauble No. 5 • 3 size Christmas ornament pattern,5.89,202,203,16,760,0,3,1
"4pcs Gold/Silver Tone Bow Earrings, Bowknot Earring Posts, Bowtie Stud Earrings, Gold Plated Brass Bow knot Earring Stud Components",4.94,203,218,20,887,0,3,1
"Crochet modern blanket pattern, Video tutorial, Easy crochet afgan blanket, Throw blanket pattern, Boho cozy blanket, Home decor, 5 sizes",4.99,250,252,22,693,0,3,1
"The Grinch Moon Shadow Box SVG For Cricut Projects DIY, Grinch Moon Lantern For Christmas Decoration",3.9,214,230,24,802,0,3,1
The Cheap Trick Jumper | Crochet Pattern,0.77,254,255,25,912,0,3,1
Mama SVG - Mama EST SVG - Mom Life - Digital Download - Cricut - Silhouette Cut File,0.74,306,339,27,774,0,3,1
Mama SVG - Mama EST SVG - Mom Life - Digital Download - Cricut - Silhouette Cut File,0.74,306,339,27,774,0,3,1
"Space watercolor clipart, cute astronaut , planets clip art, rockets PNG, nursery decor",6,209,210,28,521,0,3,1
"Gold Stainless steel blank stamping discs,Personalized disc,Rose gold blank disc pendants,Gold hand stamping blanks,Blank disc necklace",1.5,210,211,29,723,0,3,1
North Pole Sleigh Mail Embosser & Cutter Set | Festive Reverse Pop-up Debosser Stamp | Christmas Baking Gift Ideas,5.91,201,202,30,767,0,3,1
Crochet PATTERN for ESTRID SCARF,5,206,221,30,782,0,3,1
Them Kids SVG  | Svg | Png | Pdf | INSTANT DOWNLOAD,1.2,291,309,30,590,0,3,1
"Dainty Pink, Abalone, Blue Opal Religious Cross Pendant For Christian Catholic Baptism, Religious Jewelry Making Supply in 14K Gold Filled",6.49,265,266,32,516,0,3,1
CROCHET PATTERN Christmas Tree Trio | Eco-Friendly Sustainable Festive Holiday Winter Crochet Home Decor | Beginner Easy Pattern | PDF,3.99,260,266,33,587,0,3,1
Cricut only Don't Be A Cotton Headed Ninny Muggins Elf Movie SVG PNG cut file,1.25,311,445,34,744,0,3,1
Cricut only Don't Be A Cotton Headed Ninny Muggins Elf Movie SVG PNG cut file,1.25,311,445,34,744,0,3,1
"20 Snoopy machine embroidery designs, peanuts embroidery pattern, woodstock embroidery, charlie brown, linus marcie schroeder sally lucy",4.24,346,545,37,607,0,3,1
"Organic Clay Cutter Set, Pebble Dangle Earring Polymer Clay Cutter, Round Abstract Clay Cutter, Set of 3 or 6",7.75,193,194,37,604,0,3,1
Digital Adulthood Be Gone Spray Bottle 20oz Tumbler Wrap  20oz - PNG Sublimation 300 dpi Funny Repellent Spray Tumbler,1.75,346,400,37,826,0,3,1
Digital Adulthood Be Gone Spray Bottle 20oz Tumbler Wrap  20oz - PNG Sublimation 300 dpi Funny Repellent Spray Tumbler,1.75,346,400,37,826,0,3,1
"Crochet Nativity set: Three Kings and Camel/Pattern, PDF, English only/Christmas, Nativity toys, Amigurumi, Xmas toys, Three Wise Men",6.75,316,350,38,893,0,3,1
The Friendly Fairy Lights - Christmas lights decoration garland bunting,3.23,203,207,41,792,0,3,1
BT21 Charms,3.59,190,191,43,517,0,3,1
"Personalized Book Embosser, Custom From the Library of Book Stamp, Library Embosser,Ex Libris Book Stamp,Self Inking Stamp,Book Lover Gift",9.26,206,957,44,507,0,3,1
"Set of 10 crochet pattern Christmas ornament, Crochet pattern Christmas garland, Cute crochet Christmas gift, Cute crochet pattern",5.6,271,315,44,760,0,3,1
"KEOKER Christmas Clay Cutters, Christmas Polymer Clay Cutters for Earrings Making, 20 Clay Cutters Shapes Christmas",3.33,269,270,45,593,0,3,1
HUGE Jewelry Bundle SVG - Tear Drop svg - Pendant svg - Earrings Bundle - Leather Earring - Jewelry Laser Cut Template - Bracelets svg,5.65,218,795,46,587,0,3,1
"Christmas card SVG, 3D Poinsettia Box Card SVG Template, DIY Christmas Pop Up card, Digital cut files for Cricut, Poinsettia decor",2.76,252,768,48,925,0,3,1
"Senior 2024 svg, Class of 2024, 2024 Graduate, Seniors, Graduation svg, 2024 svg, Graduation 2024 svg, Senior svg, 2024 Senior svg, 2024 png",1.59,273,795,49,547,0,3,1
Chunky Knitting Pattern - Blaize Beanie,5.31,188,536,49,677,0,3,1
Dissolving Diamonds - odd count peyote stitch bracelet pattern (no physical bracelet),5.72,298,385,50,675,0,3,1
Dissolving Diamonds - odd count peyote stitch bracelet pattern (no physical bracelet),5.72,298,385,50,675,0,3,1
Lake SVG Bundle - 25 Designs - Instant download - Printable cut files - Commercial use - Lake shirt designs - Funny lake svg - Lake house,2.17,252,864,50,920,0,3,1
"Boujee grinch png file, grinch file,grinchmas, digital download, green guy, christmas png, sublimation, leopard, cheetah",2.25,415,916,50,719,0,3,1
"Boujee grinch png file, grinch file,grinchmas, digital download, green guy, christmas png, sublimation, leopard, cheetah",2.25,415,916,50,719,0,3,1
"Grinch Face Svg, Grinch Hand, Grinch SVG Bundle, Grinch Ornament, Grinch smile, Green Character svg, Grinch Christmas svg, Christmas Grinch",1.38,772,1133,61,791,0,3,2
PATTERN: Crochet pacifier clip,5,296,620,64,708,0,3,2
"Christmas Ornament Bundle, cutfiles, for Cricut or Silhouette, round christmas svg, Ornament cutfiles, farmhouse christmas ornament svg",5,282,983,72,621,0,3,2
"CHRISTMAS ULTIMATE BUNDLE, 460 Designs, Heather Roberts Art Bundle, Christmas svg, Winter svg, Holidays, Cut Files Cricut, Silhouette",3.32,413,1902,142,926,0,3,2
"Cute Angel Silicone mold, Heart Angel Wings, Home Decoration  Moulds ,DIY Handmade Concrete Cement jesmonite, raysin ,epoxy resin Gift Molds",9.6,297,1080,211,795,0,3,3
"Dala Horse Silicone mold , Home Decoration Different Size Horse Moulds ,Handmade Concrete Cement jesmonite, raysin epoxy resin Gift Molds",4.59,313,1213,236,783,0,3,3
"Skirt Pattern, Vintage Skirt Pattern, Clothes Pattern, Pattern Clothes, PDF Sewing Pattern, Skirt Sewing Pattern, Sewing Pattern Skirt",3,310,311,26,1233,0,4,1
Halloween Granny Squares Crochet Pattern,8,295,296,27,1602,0,4,1
"North Pole Embroidery Design, Christmas Embroidery Designs, Trendy Christmas Embroidery File, Winter Embroidery Designs",3.84,328,329,32,1977,0,4,1
Crochet Butterfly Bag Pattern PDF,9.23,347,348,35,1660,0,4,1
"Sweet Christmas Bakery watercolor clipart, Cute Santa's bakery, baking watercolor supplies clipart, Vintage Kitchen, sweet png",8.61,298,299,36,1128,0,4,1
"Scandinavian Christmas watercolor clipart, Cute Santa watercolor graphics, christmas gnome png, scnadinavian folk art decor",7.72,323,324,39,1021,0,4,1
"Crochet Pattern Keychain, Amigurumi Crochet Keychain, Cow Crochet, Daisy Turtle Crochet, Pig Crochet, Duck Crochet, Puppy Crochet",3.98,330,469,40,1270,0,4,1
"Morty the Bat sewing pattern, instant download PDF, halloween diy, halloween decor, gift, felt softie, spooky bat decor, kawaii plushie gift",8.5,296,297,43,1341,0,4,1
"Christmas Mousefits, Tree, Angel & Pudding Outfits Crochet Pattern",3.94,351,411,48,1122,0,4,1
"Pomegranate Seed Pendants, Gold Plated Resin Individual Pink, Red, Blood Red Pomegranate Fruit Seeds Charm | X-734, X-753, X-754",2.99,305,412,48,1172,0,4,1
"Funny Teacher 100 Days of School SVG Cut File, 100 Days of Coffee, Chaos and Lesson Plans,, Commercial Use SVG, Cricut, Silhouette",2.95,150,639,52,1012,0,4,2
"CROCHET PATTERN BUNDLE goth victorian skull high neck collar necklace, gothic choker for cosplays, alt wear, festivals or Halloween",6.75,357,359,53,1376,0,4,2
"Birds Aren't Real - Meme, Subversive, Pop Culture - Cross Stitch Pattern - Digital PDF",3.99,252,1149,54,1780,0,4,2
Crochet Pattern // Blanket Poncho Crochet Wrap Cape Cardigan Ruana Boho // Blanket Poncho Pattern PDF,6.5,167,594,54,1777,0,4,2
Floral Forager Crochet Pattern - DIGITAL FILE not a finished hat,7,252,253,54,1768,0,4,2
Funny Round Signs SVG Bundle - Round SVG Files - 22 Funny Sayings SVG - Clip Art - Round Door Hangers - Farmhouse Designs,4.76,173,733,54,1439,0,4,2
TEMPLATE__pop-up card__Water lily   (PDF_digital download file),4,137,917,54,1074,0,4,2
Number CROCHET PATTERN Baby Blanket Afghan,4.26,146,752,56,1273,0,4,2
"This Mama Prays SVG, Scripture Quote svg, Prayer SVG, Momlife quote svg, Biblical png, Biblical svg, Svg Cricut Cut File, PNG",2.62,142,734,56,1082,0,4,2
Crochet Blanket Pattern Irish Lullaby Cable Braided Blanket Crochet Pattern Baby Blanket Throw Afghan Bulky Chunky Yarn Nursery Aran Celtic,5.59,287,775,56,1462,0,4,2
"Floral Seamless Pattern SVG Cut File for Cricut, Silhouette, svg dxf png eps, Floral Background svg, Peony Pattern svg, Flower Wallpaper svg",3,174,715,57,1089,0,4,2
Here Comes the Sun SVG PNG JPG for print- cut- sublimation design- t-shirt designs,1.5,255,771,59,1433,0,4,2
"Edgar Allan Poe ~ Master of the Macabre - Gothic Cross Stitch Pattern - Modern, The Raven, Halloween, Tell Tale Heart, Black Cat",6.34,279,280,59,1219,0,4,2
"Edgar Allan Poe ~ Master of the Macabre - Gothic Cross Stitch Pattern - Modern, The Raven, Halloween, Tell Tale Heart, Black Cat",6.34,279,280,59,1219,0,4,2
"Reindeer Christmas Ornament digital file, funny christmas ornament svg file, wine related ornament laser file, Glowforge svg Christmas",3.5,211,708,60,1004,0,4,2
"Glass Bead Mix, 40 gr (about 1 1/5 oz) or 120 gr (about 3 3/5 oz) Violet Pink, Czech Glass",3.73,344,345,60,1601,0,4,2
SEAMLESS Add Your Own Text / Name Sunflowers Gold Glitter Animal Print Sublimation Tumbler Designs - 20oz Skinny Tumbler Templates - PNG,1.5,243,892,60,1355,0,4,2
"Christmas alphabet SVG Bundle, A-Z Letters svg for Cricut, Silhouette Cameo, png Sublimation, personalize Christmas gifts idea, family name",6.39,141,873,61,1581,0,4,2
"Unicorn Girl SVG Little Afro Girl Peekaboo Girl SVG Cutting Files for Cricut, Silhouette - Rainbow Unicorn Clipart - DIY Birthday T Shirt",4.51,265,898,62,1147,0,4,2
"DIY Paint Party/ Pre-drawn /Outline Canvas /Adult Painting / Paint & Sip, DIY Paint Party / Pre-Sketched / Art Party/ Coloring Page/ Stencil",1,216,1192,62,1064,0,4,2
"North Pole svg, North Pole Hot Chocolate svg, Christmas Svg, Santa Claus, Home Decor, North Pole Hot Chocolate svg, santa claus approved svg",1.49,144,765,63,1252,0,4,2
CROCHET OUTSOLES - Any Size Customized -  Instant Download PDF,6.19,172,867,64,1804,0,4,2
CROCHET PATTERN rattle cow,3.39,261,798,64,1094,0,4,2
"Wintry Forest Blanket, Crochet Blanket Pattern, blanket pattern, mosaic crochet blanket, crochet pattern, mosaic crochet, crochet pdf",9.11,201,631,66,1766,0,4,2
"I am the storm half sugar skull svg cut file for cricut, silhouette and other cut machines",4,281,1077,67,1294,0,4,2
"I am the storm half sugar skull svg cut file for cricut, silhouette and other cut machines",4,281,1077,67,1294,0,4,2
Hat Knitting Pattern  - Sheep Hat - Knit beanie- sized baby-adult - Knit hat -  Yankee Knitter Designs,5,181,765,68,1142,0,4,2
"Teachers Plant Seeds That Grow Forever Svg, Teacher Sunflower Svg, Teach Love Inspire Svg, Funny Teacher Shirt Svg File, Digital Download",2.71,298,1080,68,1183,0,4,2
"Teachers Plant Seeds That Grow Forever Svg, Teacher Sunflower Svg, Teach Love Inspire Svg, Funny Teacher Shirt Svg File, Digital Download",2.71,298,1080,68,1183,0,4,2
"Wzór RITA , pattern, pdf, pl/eng",5.23,220,795,69,1054,0,4,2
"Little Sheep Crochet Plushies Pattern, Amigurumi PDF File Tutorial in English Deutsch Français Español Português",2.97,149,1197,69,1725,0,4,2
Christmas svg Bundle Buddy the Elf svg Funny svg Elf Movie svg files for Cricut Downloads Silhouette,3.75,322,1126,69,1333,0,4,2
Christmas svg Bundle Buddy the Elf svg Funny svg Elf Movie svg files for Cricut Downloads Silhouette,3.75,322,1126,69,1333,0,4,2
"Geometrics Blanket, Crochet Blanket Pattern, blanket pattern, mosaic crochet blanket, crochet pattern, mosaic crochet pdf",9.21,216,679,71,1759,0,4,2
"Out Of This World Svg, Outer Space Svg, Saturn Svg, Space Theme Svg, Galaxy Svg, Celestial Svg, Planets Svg, Science Teacher Svg, Retro Svg",2.1,220,794,73,1221,0,4,2
"Doc Holliday SVG bundle, Doc Holliday, I'm your huckleberry, Say when, Johnny Ringo, Tombstone SVG, SVG bundle, Cricut, Silhouette",6.5,235,923,74,1062,0,4,2
"Santa in the Chimney, Christmas Advent Countdown Calendar, SVG, Laser Cutting File",7.5,169,575,74,1327,0,4,2
DIY Pyro helmet 2in1 templates for EVA foam & crafting Help Book!,8.69,133,632,75,1292,0,4,2
Knit Christmas Trees KNITTING PATTERN / Christmas Knitting Pattern / Winter Knitting Pattern / Knit Christmas Gift Idea,5.5,313,1156,77,1459,0,4,2
"Happy Campers svg, Travel Trailer Camping svg, Toy Hauler RV Family Name Design, Camp Flag Sign Graphic, Camp Bucket png, Cricut Clipart eps",3.14,269,1060,77,1332,0,4,2
Crochet Summer Lace Cardigan PDF Pattern / Digital Download,5.92,139,1038,79,1446,0,4,2
Valentine's bear and heart Pattern/ Amigurumi spring/ small teddy bear tutorial/ crochet pattern/ENG,5.63,271,763,81,1070,0,4,2
"Mandala crochet pattern, crochet mandala wall hanging, crochet pattern gift, crochet home decor, English crochet pattern, chart crochet",5.57,242,1310,83,1568,0,4,2
Lavender Unicorn Snuggle Blanket crochet pattern only not a finished product - PDF Crochet Pattern Instant Download,5.91,133,1210,84,1457,0,4,2
Crochet Top PATTERN // Sofi // Adjustable Cottagecore Flirty Babydoll Y2K Tie Shoulder Lacy Tank Top Crochet Pattern for ANY SIZE,6.93,251,913,85,1606,0,4,2
"Crochet Mini Animals Pattern - Crochet Farm Animals, Crochet Pig Pattern, Crochet Sheep Pattern, Crochet Chicken Pattern, Crochet Horse",6,171,1037,85,1152,0,4,2
Merry Christmas png - Christmas Sublimation - Merry Christmas plaid png Print File For Sublimation Or Print - Digital Download,1.99,168,1328,86,1944,0,4,2
"Crochet Pattern, Heartbeat Ripple, ByMimzan",3.02,240,1784,87,1035,0,4,2
Knitting Pattern | Basic Pullover - 4 yarn options in 1 pattern | Beginner | classic raglan sweater easy topdown method | sizes S to 4X,6.25,236,742,87,1179,0,4,2
Cursive fonts handwritten Cursive fonts for Cricut Cursive font bundle Fonts bundle Wedding font bundle Fonts for Cricut Fonts,2,353,1560,89,1090,0,4,2
Mixed Gemstone Chips Drilled Beads,2.5,231,1270,89,1327,0,4,2
Cursive fonts handwritten Cursive fonts for Cricut Cursive font bundle Fonts bundle Wedding font bundle Fonts for Cricut Fonts,2,353,1560,89,1090,0,4,2
"Tile Tila Bracelet, Crystal Beaded Bracelets, Rainbow Glass Bead Bracelets, Summer Jewelry, Beach Bracelets (RM-73)",7.2,248,969,94,1100,0,4,2
Cat Toy || 420 || CROCHET PATTERN set of 3 | English,3.91,265,1300,95,1496,0,4,2
"Custom Teacher Stamp, Face Stamp for Teaching Persona, Teacher Stamp Self-Inking Personalized Teacher Stamp Portrait Stamp Teacher Gifts",5.66,167,845,96,1055,0,4,2
Bead Soup - Gemstone Crystal Beads // 80 Gram Package - 100+ Beads in Every Lot,7.7,296,297,97,1057,0,4,2
Bead Soup - Gemstone Crystal Beads // 80 Gram Package - 100+ Beads in Every Lot,7.7,296,297,97,1057,0,4,2
On the Fence - Overlay Mosaic Crochet Pattern,9,180,633,97,1012,0,4,2
Easter Egg Designs Spring Bundle 10 Unique Easter Eggs - Svg file - SVG - For Cricut For Silhouette Files png pdf dxf,1.45,289,1466,101,1084,0,4,2
Decorative standing Christmas tree svg template Glowforge Christmas tree dxf cut plan Christmas decor laser cut file vector digital download,2.85,145,1059,101,1268,0,4,2
PDF Crochet PATTERN - Monstera Deliciosa Leaf Coasters/DIY Leaves Garland/ Monstera Albo Variegata/ Thai Constellation,3.69,147,1313,103,1009,0,4,2
Waterslide Decals Shabby Chic Furniture Image Transfer Vintage Antique Home Craft Label Scrapbooking Card Making DIY Floral Bee,6.58,149,1034,105,1950,0,4,2
Days Until Christmas Countdown Calendar Bauble Svg Laser Cutting Files - Christmas Calendar Svg Laser Cut Files For Glowforge XTool etc #073,2.88,257,1287,111,1171,0,4,2
"PDF Quilt Pattern, Simply Stunning Quilt Pattern PDF #451 Designed by Pleasant Valley Creations",9.99,213,1116,111,1482,0,4,2
Knitting dragon pattern. Amigurumi dinosaur.,5,138,940,115,1316,0,4,2
"Fire Fighter Dad SVG, Firefighter svg, Fireman svg, Dad Life svg, US Fire Fighter svg, American Flag svg, Dad and Son svg, Cricut Files, Png",1.82,216,1380,116,1343,0,4,2
"Ariel Clipart, Little Mermaid PNG, Underwater, Sebastian, Flounder, Triton, Castle, Seahorse, Cute Kids Planner Fabric PNG POD Supplies",6.72,173,757,117,1708,0,4,2
Branch Out Shawl | Crochet Pattern,3,277,1575,120,1993,0,4,2
Branch Out Shawl | Crochet Pattern,3,277,1575,120,1993,0,4,2
Simply Elegant *Quilt Pattern*  PDF download by Diana Beaubien - Pleasant Valley Creations #434,9.99,266,1219,121,1439,0,4,2
"Tarot Cards removable knitting progress keepers and crochet stitch markers. Set of 3 of The Moon, The Star and Sun; celestial cards",8,308,309,122,1083,0,4,2
"Grinch SVG, Grinch Ew People, Christmas Grinch SVG, Grinch face svg, Christmas Villain, Grinchmas svg, Vector Grinch, Grinch Silhouette svg.",1.8,268,1468,122,1974,0,4,2
"Tarot Cards removable knitting progress keepers and crochet stitch markers. Set of 3 of The Moon, The Star and Sun; celestial cards",8,308,309,122,1083,0,4,2
"Watercolor Girly Dinosaurs Clipart, Cute Baby Dino Clip Art, T Rex, Triceratops, Brachiosaurus, Summer Water Color Dinosaur PNG",8.9,253,833,123,1850,0,4,2
"Fall Gnome Crochet Pattern PDF, Harvest Pumpkin Gnome Amigurumi Instructions",6.71,257,983,123,1888,0,4,2
"Cinderella Clipart, Fairy Tale Princess, Glass Slipper, Castle, Pumpkin Carriage PNG, Clock, Kids Pastel Planner Fabric PNG POD Supplies",6.72,215,815,126,1804,0,4,2
Evie | Embossed 2 Set Clay Cutters,9,240,851,130,1299,0,4,2
"Laser Cut Chest Of Drawers Jewelry Box, Wooden Gift box, Laser Cut Wooden Box, Vector Files For Wood Laser Cutting",1.93,215,1111,130,1550,0,4,2
"Family Vacation 2024 SVG Bundle, Family Trip SVG, Summer 2024 SVG, Family Svg, Family Holiday svg, Family Shirt svg, Cut files for Cricut",1.76,207,1320,130,1366,0,4,2
"Display Stand Laser Cut Svg Files, 4 Shelf Display Stand Files, Vector Files For Wood Laser Cutting",1.93,285,1116,131,1110,0,4,2
"Display Stand Laser Cut Svg Files, 4 Shelf Display Stand Files, Vector Files For Wood Laser Cutting",1.93,285,1116,131,1110,0,4,2
"Crochet Monster ENGLISH Pattern, Amigurumi Dolls Tutorials, Crochet Cute Dolls PDF",6,173,938,131,1351,0,4,2
Seren Dumpling Pouch PDF Sewing Pattern / Sewing Tutorial / Dumpling Zipper Pouch / Cosmetic Bag / 3 Sizes / DIY Craft / Instant Download /,7.35,144,980,132,1781,0,4,2
"Rainbow SVG, Rainbow with clouds SVG, Rainbow cut file for Cricut Silhouette dxf png jpg eps, Rainbow clipart, Rainbow vinyl iron on shirt",1.52,333,1699,132,1212,0,4,2
Ragdoll Spring Bunny Crochet Pattern,3.08,214,1493,132,1820,0,4,2
Knitting Pattern Baby Jumper / Sweater/Pullover Fisherman's Rib DK / Light Worsted/8 Ply size 17-19in 43-48cm,1.78,346,2186,132,1221,0,4,2
Crochet PATTERN Christmas decoration / Christmas ornaments pattern / Amigurumi Pattern christmas (Amigurumi tutorial PDF),7.32,258,1155,134,1903,0,4,2
Machine Embroidery designs Mouse SET Fill Mouse Embroidery design Mouse Head Pattern INSTANT Download 4x4 5x7 Stickdatei Maus,3,298,1755,139,1466,0,4,2
Machine Embroidery designs Mouse SET Fill Mouse Embroidery design Mouse Head Pattern INSTANT Download 4x4 5x7 Stickdatei Maus,3,298,1755,139,1466,0,4,2
DIGITAL Download Doll Clothes Pattern: Shirt & Jeans for Gen 1 Monster High Girls,2.99,302,1332,141,1524,0,4,2
"Ugly Sweater Svg Bundle Svg, PNG, 8 Templates + Ugly Sweater Font Svg for Cricut, Silhouette Dxf, Vinyl Cutters, Sublimation, Printer, HTV",4.5,236,1873,142,1753,0,4,2
Sarah's Wristlet Pouch & Crossbody Bag PDF Digital Pattern Instant Download,9.94,233,1019,144,1296,0,4,2
"Christmas Ornaments SVG Laser Cut Files, Personalizable 6 Designs For Christmas Tree Ornaments With Editable Text, Christmas Tree Toys SVG",2.99,290,1431,145,1788,0,4,2
Snowflake svg cutfile Snow flake svg cut file Christmas clipart download snow png eps dxf jpg pdf Cricut Silhouette Winter Holiday svgs,1.32,260,1856,146,1687,0,4,2
"Under The Sea SVG, Sea Animals SVG, Ocean svg, Under The Sea Clipart, Svg Files, Whale SVG, Turtle svg, Under The Sea Cut Files, Svg Bundle",1.13,209,1716,148,1198,0,4,2
"Nativity Scene Star Lanterns Shadow Box SVG for Cricut Projects DIY, Merry Christmas Nativity Star Lamp Decoration, SVG file for Cricut",3.9,239,1543,148,1609,0,4,2
German Ostern Plotter File SVG DXF PNG Spring Bunny Chick Heart Botanical Wreath Cricut Silhouette Download Plotting Bundle Bird House,2.9,218,1257,151,1150,0,4,2
"Junk Journal, Neutral, Trifold, Folding Folio, Loaded Folder, Ephemera, Collage Sheets, Printable, Craft Kit, Scrapbook, Digital Download",2.9,141,1209,153,1034,0,4,2
"The Ultimate Small Flower svg Bundle, 3D paper flower and leaf svg bundle, spring flowers, create your own flower svg, template for cricut",3.61,317,1503,157,1050,0,4,2
ENTIRE SERIES (Read Description) Block Rock'n Series 12 Blocks Paper Piecing Pattern for Sewing or Quilt Blocks PDF Instant Download,6,234,1582,161,1540,0,4,2
"Not Even A Mouse PDF pattern, a hand sewn wool felt ornament",8.75,273,1252,161,1056,0,4,2
Laser Cut Sliding Lid Box Bundle - 24 Designs of Laser Cut Gift Storage Boxes - DXF and SVG Glowforge Files,4.12,304,1594,163,1498,0,4,2
"Two Layered Rose Laser Cut Svg Files, Vector Files For Wood Laser Cutting",1.93,352,1402,164,1292,0,4,2
"Two Layered Rose Laser Cut Svg Files, Vector Files For Wood Laser Cutting",1.93,352,1402,164,1292,0,4,2
"Daisy Svg Bundle, Flower Svg files for cricut, Clipart Cut files for Cricut Cameo, Vector Cutfile, Spring Summer Svg,Png Files",1.39,292,1569,164,1288,0,4,2
"Zipper Pouch Pattern, Pong Pong Pouch, Zipper Pouch, Boxy Pouch, Zipper Bag, Storage Bag, Makeup Bag, PDF Sewing Pattern, Gift for Her",5.82,233,1243,167,1284,0,4,2
Amigurumi funny Bunny in Christmas Costume/ Winter Bunny Crochet Pattern/ Christmas Elf Bunny/PDF Eng Crochet Pattern/DIY Christmas Gift Toy,3.63,227,1327,168,1991,0,4,2
"CROCHET PATTERN X Crochet Pumpkins Centerpiece Pattern, English PDF Download, Crochet Fall Decoration Pattern,",3.49,168,1681,170,1730,0,4,2
"No one measures up, Personalized Tape Measure, Gift for Papa, Gift for Grandpa, Grandparent Gift, Carpenter Gift, Father's Day Gifts, PAPA",9.99,288,703,173,1598,0,4,2
60 Christian SVG PNG bundle Religious svg bundle Motivational Quotes Svg Bundle | Bible Verse svg | Coffee Mug svg | Jesus Svg | God Svg Png,2.1,180,1845,180,1676,0,4,2
"100 Days of School SVG PNG PDF, 100 Days Shirt Svg, School Svg, 100 Days Brighter Svg, Back To School Svg, Teacher Appreciation Svg",2.09,181,1836,181,1214,0,4,2
"Best Things Memories Them A3/A4/A5 Scrapbook Photo Album Memory Keepsake, Black, Kraft, White",9.18,304,1847,183,1685,0,4,2
100 Wildflower Svg Bundle | Flower svg | Floral svg Bundle | wildflower svg | Floral svg | Botanical svg | Flower clipart | svg files cricut,2.21,252,1688,185,1495,0,4,2
"Grinch Face SVG, PNG, Cricut, Grinchy face Svg, Christmas Svg, Grinch face cut file",0.69,735,1847,231,1276,0,4,3
Baseball Font With Tail Baseball Font TTF SVG PNG and Text Tails Baseball Script Font Softball Font Baseball Font Cricut Baseball Logo Font,2.99,459,2472,251,1079,0,4,3
"Toy Story FONT SVG, Instant Download, Toy Story Alphabet SVG, Toy Story ClipArt, Toy Story Alphabet Letters and Numbers Svg, Toy Story Svg",1.96,298,2470,258,1277,0,4,3
Riley Blake Confetti Cottons - Solid Cotton Fabric - Quilt Fabrics Sold by the 1/2 Yard,3.99,309,4403,743,1598,0,4,4
"Chenille Letter Patch, 2.2",0.97,731,6831,1186,1656,0,4,5
Hollywood Glam Robe Pattern | INSTANT DOWNLOAD | Printable Sewing Pattern | Dressing Robe | Easy Sewing Pattern | Kimono Robe- Sizes 14-32,7.5,277,278,28,2023,0,5,1
Ditsy Skirt Sewing Digital Pdf Pattern | Elastic Waist Skirt | Long Flared Skirt US 0-12 | UK 4-16 | EU32-44 | 2xs-2xl,5.83,310,311,32,2054,0,5,1
"PDF pattern donut pillow, crochet donut pillow, donut pillow pattern, giant donut crochet pillow, home decor",3.6,321,322,52,2105,0,5,2
Kimono Robe | Printable Sewing Pattern | Style TW21,4.54,171,628,61,2236,0,5,2
"SUPER SPECIAL RASPBERRIES Glass Beads, 11mm Faery Raspberries Limited Edition Bead,  Magical Reflection Faerie Berry Artisan Glass Bead, 1pc",4.76,252,253,61,2322,0,5,2
"Granny Square Wrap-Top Crochet Pattern, Crochet Wrap Top Pattern, Granny Square Crochet Top Pattern",8.5,251,937,69,2483,0,5,2
"Combo 6in1 Adorable Farm No Sew Crochet Pattern, No Sew Amigurumi Crochet Patterns | Duck, Mallard Duck, Rooster, Pig, Cow, Sheep Pattern",5.95,305,1220,69,3033,0,5,2
"In October We Wear Pink PNG, Breast Cancer Awareness, Digital Download, Sublimation Design, INSTANT DOWNLOAD, Pink Ribbon, Pumpkin Leopard",3.75,140,1352,69,2357,0,5,2
"Combo 6in1 Adorable Farm No Sew Crochet Pattern, No Sew Amigurumi Crochet Patterns | Duck, Mallard Duck, Rooster, Pig, Cow, Sheep Pattern",5.95,305,1220,69,3033,0,5,2
"Triceratops Hooded Blanket Crochet Pattern. Cute, Cool, And Easy Dinosaur Afghan Downloadable Instructions for Kids, Teens & Adults",6.49,266,1173,76,2226,0,5,2
"Crochet Pattern | Sandwich Coaster Set | Crochet Lettuce, Fried Egg, Ketchup, Mustard, Cheese, Tomato, Onion, Cucumber in a Bread Loaf Bag",6.39,231,735,77,2053,0,5,2
Oversized HOODIE PDF Sewing Pattern | Sweatshirt Sewing Pattern| Woman Hoodie Pattern | Sewing patterns sweater,3.75,272,972,80,2120,0,5,2
Argo the Amigurumi Sheep CROCHET PATTERN instant download - lamb,3,175,1492,82,2514,0,5,2
"Crochet PATTERN-The Graslyn Hood (6/12 months, 12/18 months, Toddler, Child, Adult sizes)",5.5,224,1459,92,2960,0,5,2
Bring me coffee cardi sweater knitting pattern cardigan,6,256,1156,92,2638,0,5,2
"Little sea animals clipart. Cute sea creatures digital PNG files. Turtle, fishes, octopus, jellyfish, sea horse. Commercial use.",6.27,148,858,99,2512,0,5,2
Reindeer Names Christmas png - Christmas Sublimation - png Print File For Sublimation Or Print - Distressed - Download,1.99,274,1590,99,3561,0,5,2
"Christmas tree Crochet Pattern, Christmas tree crochet pattern set 4 sizes, Home decoration holiday gift, Winter crochet PDF patterns",4.91,171,1375,109,2107,0,5,2
"SUNNY deer, PDF sewing pattern for deer with dress, doll sewing pattern, DIY, Instant download",8.71,254,743,112,3823,0,5,2
Crochet Monkey Pattern Amigurumi PDF-Monkey Crochet Pattern-crochet-Michael the Monkey- PDF Tutorial-instant download,6.25,207,1183,117,2300,0,5,2
"Cute Ghosts Bundle SVG, Halloween svg, Ghost Bundle svg, Halloween Laser Cut Files, Glowforge Halloween Bundle Svg, Halloween sign cut file",3.97,168,1152,119,2164,0,5,2
"KNITTING PATTERN ** Easy Eyelet Yoke Sweater pattern, Beginner yoke sweater, beginner yoke knit, top down knit sweater, knit sweater diy",9.43,232,1315,121,2043,0,5,2
"Baby Bloomers PDF Sewing Pattern, sewing tutorial included , instant download",2.82,146,1083,121,2429,0,5,2
Planter Box Plans / Raised Planter Plan / Wood Planter / Outdoor Planter / Garden Bed / Elevated Cedar Garden Bed,5.97,211,1680,126,2947,0,5,2
"Crazy Camping Friends svg, Funny Camp Crew png, Campfire Fire Pit Sign, Camper Life Design, Sarcastic & Sassy Circle Clip Art, Marshmallows",2.69,231,1735,126,3060,0,5,2
Milk N Cookies Duo Embroidery Font BX Monogram 591 files 7 sizes Sans fonts 6 Script Sizes Embroidery Machine Designs Instant Download block,8.99,213,1247,135,2353,0,5,2
"I Match Energy svg files for cricut, Sarcasm svg, Sassy svg, Do Not Disturb My Energy Svg, Hustler t shirt sarcastic DIY Tshirt design",2.23,300,1374,135,3634,0,5,2
"Bundle Crochet patterns Christmas gnomes : santa, reindeer, muffin, gentleman, gingerbread",8.47,169,977,139,2409,0,5,2
Rope Script Monogram Font Alphabet Machine Embroidery Designs Nautical,2.4,309,1460,141,3338,0,5,2
Rope Script Monogram Font Alphabet Machine Embroidery Designs Nautical,2.4,309,1460,141,3338,0,5,2
Huge Sublimation Bundle - Huge PNG Sublimation,5.07,275,2287,148,3139,0,5,2
Magic Circles Blanket Pattern by Jane Crowfoot,7.82,273,1318,148,2473,0,5,2
"Farmhouse Christmas Tree Crochet Pattern, 8 Inch Mini Crochet Tree Tabletop Decoration",4.13,212,1223,153,3172,0,5,2
Crochet pattern | Lovely teddy Bear | PDF | ENGLISH | Cotton & Plush stuffed toy | easy amigurumi baby toy,6.37,247,898,154,2120,0,5,2
"3D Highland Cow Papercut Template SVG, PDF, PNG, Dxf, Layered Paper Ornament Bauble, Shadowbox card, Hand or Machine cut, Commercial Use",3.99,296,1373,156,2203,0,5,2
"3D Highland Cow Papercut Template SVG, PDF, PNG, Dxf, Layered Paper Ornament Bauble, Shadowbox card, Hand or Machine cut, Commercial Use",3.99,296,1373,156,2203,0,5,2
"Low poly Pikachu Sit 3D Papercraft PDF, SVG Template For Creating 3D Pikachu, 3D Pokemon For Children's Room Decor, Diy gifts for kids",6.37,270,1062,160,3048,0,5,2
"I like them real thick and sprucy svg, I like them real thick and sprucey svg, Real thick and sprucy svg, Funny Christmas svg,",1.66,147,1560,161,3467,0,5,2
X7 BUNDLES SWEAR SVG - svg files funny svg file - svg - novelty svg - svg download - adults svg - rude svg - bitch svg - svg bundle,3.62,246,2112,161,3779,0,5,2
Princess & Little Dwarfs Crochet Pattern by Aquariwool Crochet (Crochet Doll Pattern/Amigurumi Pattern for Baby gift),4,314,1497,175,3829,0,5,2
"CHRISTMAS RETRO MEGA Bundle, 100 Designs, Heather Roberts Art Bundle, Christmas svg, Winter svg, Holidays, Cut Files Cricut, Silhouette",3.32,253,2547,194,2512,0,5,2
"Tigers svg, Tiger svg, Tigers mascot svg, cricut silhouette files, Tigers png, Tigers school spirit svg, Tigers logo, Tigers sports shirt",1.95,213,1543,195,2461,0,5,2
"Crochet Pattern, Mellow Hearts bobble stitch blanket, afghan, sofa throw, bed throw, special gift, valentines, baby shower, picture",3.25,273,1704,199,3396,0,5,2
"Fall Cuddler Easy Knit Throw Blanket Pattern, Chunky Knit Blanket Pattern, Textured Knit Blanket, Winter Blanket Knitting Pattern",5.99,306,2727,205,2273,0,5,3
Crochet PATTERN PDF Amigurumi The christmas Grinch thief / Crochet pattern Grinch mini baby,7.34,282,1879,213,2614,0,5,3
DIGITAL Download Doll Clothes Pattern: Sundress for Gen 1 Monster High Girls,2.99,347,2238,237,3166,0,5,3
"Crochet Teddy Bear Blanket Pattern, Crochet Bear Blanket Pattern by Maisie and Ruth | *Instant Download* | **PATTERN ONLY**",4.55,284,1983,287,3254,0,5,3
"cow, crochet cow, cow crochet pattern, crochet pattern, amigurumi, pattern, crochet, cow tutorial",3,323,2256,291,3846,0,5,3
"Family Name Monogram SVG Bundle, Monogram SVG, Split Monogram svg, Family svg, Family Sign svg, Wedding Monogram svg, family name svg Cricut",0.99,324,3731,323,2908,0,5,3
"Personalized Stethoscope ID Tag, Stethoscope ID Ring, Stethoscope Charm,Stethoscope Name Tag,Nurse Graduation Gift,Gift for Doctor Nurse",7.47,348,2177,349,2474,0,5,3
"CHRISTMAS ULTIMATE BUNDLE, 460 Designs, Heather Roberts Art Bundle, Christmas svg, Winter svg, Holidays, Cut Files Cricut, Silhouette",1,518,8937,535,2714,0,5,4
Yarn YarnArt Jeans yarn cotton yarn cotton thread acrylic yarn crochet cotton knitting cotton string cotton fiber classic yarn Turkish yarn,1.8,532,10684,1129,2085,0,5,5
Drop shoulder poofy sleeve dress sewing pattern,7.45,328,845,89,5374,0,6,2
Theo the christmas crackernut amigurumi christmas pattern /ENG - SPA,6.3,650,996,98,4473,0,6,2
"Personalized From the Library of Book Embosser, Custom Book Stamp,library embosser,Ex Libris Book Lover Gift",9.26,517,2054,152,5990,0,6,2
"Full Beginner Embroidery Pdf Pattern, Basic Embroidery Stitches Tutorial, Digital Pattern",6.34,298,949,154,4413,0,6,2
"Kitty scarf crochet pattern PDF, crochet hat pattern, scarf pattern crochet",5.07,932,4846,322,4431,0,6,3
Big Skulls Mosaic Crochet Pattern Chart by Sixel Design,4,355,2349,334,6766,0,6,3
Crochet pattern baby rabbit English and Polish / Crochet PATTERN plush toy / Amigurumi stuff toys tutorial rabbit / Pattern amigurumi plush,5.4,326,2279,336,9077,0,6,3
Snowy the Snowman amigurumi pattern (Spanish and English),4.9,443,3874,383,4866,0,6,3
Matrixx Hood | Crochet Pattern | Hooded cowl | English & Spanish Only | Digital PDF|,5.11,"2,733",7420,558,9974,0,6,4
"Dear Santa Tray SVG Bundle, Christmas SVG, Santa Tray SVG, Santa Plate svg, Santa Milk Cookies svg, Cookies for Santa svg, carrot svg Cricut",0.99,398,10605,878,6779,0,6,4
Tiktok Hooded Cowl | PDF | Crochet PATTERN | Digital download | hooded cowl with panels | English and French,5.13,293,11570,1112,11977,0,6,5
"Itty Bitty Mini Pops, NO SEW, Mini Pops, Crochet Pattern, Pocket, Amigurumi, Pattern, Crochet Fidget, Amigurumi Pattern, Fidget Pattern",3.5,280,6774,1149,6266,0,6,5
"Book Embosser Personalized | From the Library of Stamp | Ex Libris Stamp | Rubber Stamp, Self Inking Stamp or Embosser | SKU: STL059",9,323,4671,1240,7348,0,6,5
"Custom Wax Seal Stamp, Custom Any Logo, Personalized Wax Seals, Custom logo wax seal stamp kit for wedding invitation, Wedding wax seal kit",9.22,332,4888,1299,4018,0,6,5
"Winter SVG Bundle, Christmas Svg, Winter svg, Santa svg, Christmas Quote svg, Funny Quotes Svg, Snowman SVG, Holiday SVG, Winter Quote Svg",1,327,13208,1349,12291,0,6,5
"Crochet PATTERN dog, Amigurumi tutorial PDF in English, crochet puppy crochet pattern PDF Christmas gift  Baby shower dog crochet pattern",1.88,310,14141,1669,19922,0,6,5
"No One Measures Up Personalized Tape Measure, Fathers Day Gift From Daughter, Personalized Gifts For Dad, Gift for Husband, Fathers Day Gift",9.99,332,9150,1934,5304,0,6,5
CROCHET PATTERN - Colbie The Cow,4.13,312,13624,2044,42110,0,6,5
"Mega SVG Bundle, T Shirt Designs SVG, Svg Files for Cricut, Silhouette Cut Files, Clipart, Svg for Shirts, Flower svg, Cricut, Silhouette",3.41,503,30354,3017,21930,0,6,5
"SUPER STRENGTH FLAVORING, LorAnn, 1 dram, .125 ounces - Choose from 70 Flavors",1.64,353,36964,4208,5220,0,6,5
Mabel Chicken CROCHET PATTERN,5.56,490,14188,5890,38352,0,6,6
"Personalised Luxurious Soft Touch Rose Gold Pen, Gift Pens for Women, Best Friends Gift, Christmas Gifts, Fancy Custom Pen, Presents for Her",3.93,"2,521",59306,11738,10346,0,6,6
RETURN ADDRESS STAMP | Address Stamp Self Inking | Custom Stamp | Custom Address Stamp | Personalized Address Stamp | Premium Stamp,9.99,522,66192,12536,30201,0,6,6
"Custom wax seal stamp kit, Any logo can be customized, Personalized wax seal stamp kit for wedding invitations, Custom wax stamp for gift",10.11,569,399,28,196,1,1,1
"BOBBINY 3mm Braided Cord (1 ct)| 328ft, 100m, 108yd| 6-super bulky cotton yarn| For Crochet, Knitting, Macrame, Craft| FREE SHIPPING 35+ usd",15.85,293,298,50,59,1,1,1
Hello Fall Diamond Art Kit,24,293,294,58,137,1,1,2
"Keyring Self Inking Stamp, Suitable for NHS Workers.",16.42,277,359,85,119,1,1,2
3 in 1 Clown Set Pattern w/ Pictures,10,157,158,29,457,1,2,1
"Scrub cap pattern pack, scrub hat sewing pattern scrub cap ponytail PDF scrub caps for women surgical cap nurse medical instant download",12.73,330,713,72,375,1,2,2
Scrapbooking Lace Paper 20 Sheets Pack | Vintage Lace Paper Journaling Materials | Antique Lace Junk Journal | Retro Journaling Supplies,10,284,285,33,892,1,3,1
Scrapbooking Lace Paper 20 Sheets Pack | Vintage Lace Paper Journaling Materials | Antique Lace Junk Journal | Retro Journaling Supplies,10,284,285,33,892,1,3,1
"Advent Craft Kits, Christmas Embroidery Kits, Advent Embroidery Kit, Xmas Needlecraft Kits, Christmas Craft Kits, DIY Christmas Gifts",43.95,281,283,42,608,1,3,1
Bow Tie Router Templates (Clear Acrylic),22.24,324,325,67,528,1,3,2
Original Silk Ribbon - 3 YARDS,12,346,2245,323,967,1,3,3
Ticket Inspired Address Stamp // Return Address Stamp // Wedding Stamp // Modern Address Stamp // Housewarming Gift // Gifts for Homeowners,25.46,284,285,77,1064,1,4,2
"674 Embroidery Designs, Embroidery Designs, Machine Embroidery Designs, Embroidery Designs For Machine + Bonus Etsy Seller Course",20.6,346,1478,198,1258,1,4,2
"Custom Paint by Number, Custom Painting from Photo, Paint by Number Kit, Personalized Paint Your Photos, Canvas Wall Art for Gift, 24 Colors",19.48,281,1970,348,1568,1,4,3
Fishy Aleks Crochet Sweater – ** PATTERN ONLY **,12.07,279,280,22,2583,1,5,1
Kimono Jacket PDF Sewing Pattern Sizes XS / S / M / L / XL,10,255,860,62,2801,1,5,2
Bundle of 40 Add your own text Agate Confetti Glitter Gold Geode Sublimation Tumbler Designs - 20oz Skinny Tumbler Wraps Templates - PNG,12.5,312,1324,89,3312,1,5,2
"DIY Pottery Kit, Air Dry Clay Kit, Christmas Gift",27.12,306,1182,96,2142,1,5,2
100-1000pcs Personalized Fabric label Custom logo Clothing label sewing label sew on fold over label name tag silky clothing tag Size C,15.99,350,2062,362,2050,1,5,3
"Emotional Support Pickle,Positive Pickle,Big Fan Pickle,Handmade Crochet Pickles,Crochet Sour Cucumber,Home Table Decor,Caring Gift For her",15.99,"1,650",4779,498,7322,1,6,3
"Custom CAT Book Embosser | Monogram Book Stamp Embosser | Rubber Stamp, Self Inking Stamp or Embosser",24,"2,676",8172,1282,12017,1,6,5
Custom Book Stamp or Embosser! Your Name On A Stamp,24,354,12535,2893,16172,1,6,5
"102118     925 Silver texture ring  ,    14K gold Vermeil ring             2.8mm Wide",15.6,297,12278,3305,45474,1,6,5
TOP SELLER - From the Library of Book Embosser Custom Personalized From the Library of Book Belongs to Ex Libris Book Lover Gift 1 5/8,23,692,48800,11357,67621,1,6,6
Personalized Book Stamp | Self Inking Library Stamp | Custom Book Stamp | Bookplate Stamp | From the Library of | Self Inking or Wood Stamp,13.32,374,59350,11403,60394,1,6,6
