Shop,sales_alura,conversion_rate_alura,sales_seller_kin,conversion_rate_seller_kin
CaitlynMinimalist,2 616 499,2.59%,2.62M,2.59 %
BohemianFindings,1 659 534,0.00%,1.66M,Infinity %
yakutum,1 139 586,24.60%,1.14M,24.60 %
PeggySueAlso,945 996,21.33%,946.0K,20.77 %
HappyKawaiiSupplies,940 072,7.96%,940.1K,7.94 %
nicoledebruin,910 958,0.00%,911.0K,15.41 %
DOMEDBAZAAR,850 858,14.95%,850.9K,14.95 %
DigitalcurioShop,850 858,0.00%,0,0%
NewMoonBeginnings,745 361,3.36%,745.4K,3.35 %
SEEDVILLEUSA,725 040,7.80%,725.0K,7.79 %







