Favorites,Sales,Price,Review Rate,Image Title,Calculated Sales,Variation (%)
2510,1027.0,4.84,9.7,Comfort Hood Balaclava Hat 7 adult sizes PDF sewing pattern,1301.8838899999996,26.76571470301846
951,730.0,5.0,10.4,winter jersey lined chemo fleece ear warmer beanie/ hat/ cap sewing pattern pdf 10 sizes for woman girl kid man,943.5452,29.252767123287676
506,384.0,2.69,13.3,Newsboy Hat PDF Sewing Pattern Cabbie Hat Peaky Blinders Hat Men Women Children temporarily Pattern for Toddlers Free Cap PDF Download,817.37732,112.85867708333335
1779,1869.0,0.99,7.6,Simple Bag PDF Sewing Pattern with Video Tutorial easy bag sewing pattern,1622.01064,-13.215054039593369
2556,960.0,3.28,10.4,Tote bag pattern  tote bag with pockets  canvas tote bag  digital pdf pattern   pdf download  shopping bag pattern  bag template  bag,1369.0064,42.60483333333333
1169,968.0,5.0,9.2,Digital Download Bad Bunny Space Stars  image PNG sublimation and waterslide image HIGH resolution,1054.77336,8.964190082644619
680,601.0,4.15,12.8,Crochet Doll Pattern For Eyes Amigurumi Doll Pattern For Eyes Embroidery Eyes For Amigurumi Doll Tutorial Amigurumi Eyes English Pdf,947.23068,57.60909816971714
1274,530.0,3.0,12.1,Dog face digital clip art for Personal and Commercial use - INSTANT DOWNLOAD,987.7403,86.36609433962265
1147,1360.0,4.95,11.8,The Elaine Pouch PDF Sewing Pattern Instant Download with Step-by-Step Video Tutorial by Rosie & David Patterns,1504.5138000000002,10.626014705882366
272,481.0,0.99,10.4,Caroline Clutch / Cosmetic Pouch PDF Sewing Pattern easy sewing pattern,845.45444,75.77015384615385
