Favorites,Sales,Price,Review Rate,Image Title,Calculated Sales,Variation (%)
571,54.0,3.0,9.2,Crochet giraffe square pattern // Giraffe granny square motif // Crochet Giraffe afghan square // Africa blanket // Crochet animal pattern,165.4548,206.39777777777778
327,83.0,7.08,12.0,Crochet Pattern / Crochet Crop Cardigan / Beginner Crochet Cardigan / Everyday Easy Crochet Cardigan Download Pattern PDF YippieYarnYay,167.7932,102.16048192771086
144,169.0,7.49,10.7,Duo Deal: Bunny Ragdoll and Baby Bunny mini Ragdoll crochet amigurumi pattern PDF INSTANT DOWNLOAD,179.59914999999998,6.271686390532532
300,115.0,5.25,15.7,CROCHET PATTERN Baby Bunny Outfit Crochet Rabbit Pattern Baby Diaper Cover Crochet Bunny Sizes 0-12 Months Crochet Easter Bunny,185.57175,61.36673913043479
794,88.0,2.77,12.5,Crochet pattern sushi,188.5293,114.23784090909092
477,152.0,3.82,12.5,Crochet pattern Quirky Santa Claus English US Terms & Swedish,194.7438,28.120921052631576
256,112.0,3.54,15.2,Crochet pattern pacifier holder Iris English US terms Français & Swedish,181.235,61.81696428571429
