Product Title,Cost,7 Day Sale,Total Sale,Review,Favorite,Cost_Group,Favorite_Group,Review_Group
"Funny Teacher 100 Days of School SVG Cut File, 100 Days of Coffee, Chaos and Lesson Plans,, Commercial Use SVG, Cricut, Silhouette",2.95,150,639.0,52,1012,0,6,4
"Birds Aren't Real - Meme, Subversive, Pop Culture - Cross Stitch Pattern - Digital PDF",3.99,252,1149.0,54,1780,0,6,4
TEMPLATE__pop-up card__Water lily   (PDF_digital download file),4.0,137,917.0,54,1074,0,6,4
Funny Round Signs SVG Bundle - Round SVG Files - 22 Funny Sayings SVG - Clip Art - Round Door Hangers - Farmhouse Designs,4.76,173,733.0,54,1439,0,6,4
"This Mama Prays SVG, Scripture Quote svg, Prayer SVG, Momlife quote svg, Biblical png, Biblical svg, Svg Cricut Cut File, PNG",2.62,142,734.0,56,1082,0,6,4
Number CROCHET PATTERN Baby Blanket Afghan,4.26,146,752.0,56,1273,0,6,4
"Floral Seamless Pattern SVG Cut File for Cricut, Silhouette, svg dxf png eps, Floral Background svg, Peony Pattern svg, Flower Wallpaper svg",3.0,174,715.0,57,1089,0,6,4
Here Comes the Sun SVG PNG JPG for print- cut- sublimation design- t-shirt designs,1.5,255,771.0,59,1433,0,6,4
"Glass Bead Mix, 40 gr (about 1 1/5 oz) or 120 gr (about 3 3/5 oz) Violet Pink, Czech Glass",3.73,344,345.0,60,1601,0,6,4
SEAMLESS Add Your Own Text / Name Sunflowers Gold Glitter Animal Print Sublimation Tumbler Designs - 20oz Skinny Tumbler Templates - PNG,1.5,243,892.0,60,1355,0,6,4
"Reindeer Christmas Ornament digital file, funny christmas ornament svg file, wine related ornament laser file, Glowforge svg Christmas",3.5,211,708.0,60,1004,0,6,4
"Unicorn Girl SVG Little Afro Girl Peekaboo Girl SVG Cutting Files for Cricut, Silhouette - Rainbow Unicorn Clipart - DIY Birthday T Shirt",4.51,265,898.0,62,1147,0,6,4
"DIY Paint Party/ Pre-drawn /Outline Canvas /Adult Painting / Paint & Sip, DIY Paint Party / Pre-Sketched / Art Party/ Coloring Page/ Stencil",1.0,216,1192.0,62,1064,0,6,4
"North Pole svg, North Pole Hot Chocolate svg, Christmas Svg, Santa Claus, Home Decor, North Pole Hot Chocolate svg, santa claus approved svg",1.49,144,765.0,63,1252,0,6,4
CROCHET PATTERN rattle cow,3.39,261,798.0,64,1094,0,6,4
"I am the storm half sugar skull svg cut file for cricut, silhouette and other cut machines",4.0,281,1077.0,67,1294,0,6,4
"I am the storm half sugar skull svg cut file for cricut, silhouette and other cut machines",4.0,281,1077.0,67,1294,0,6,4
"Teachers Plant Seeds That Grow Forever Svg, Teacher Sunflower Svg, Teach Love Inspire Svg, Funny Teacher Shirt Svg File, Digital Download",2.71,298,1080.0,68,1183,0,6,4
"Teachers Plant Seeds That Grow Forever Svg, Teacher Sunflower Svg, Teach Love Inspire Svg, Funny Teacher Shirt Svg File, Digital Download",2.71,298,1080.0,68,1183,0,6,4
Christmas svg Bundle Buddy the Elf svg Funny svg Elf Movie svg files for Cricut Downloads Silhouette,3.75,322,1126.0,69,1333,0,6,4
Christmas svg Bundle Buddy the Elf svg Funny svg Elf Movie svg files for Cricut Downloads Silhouette,3.75,322,1126.0,69,1333,0,6,4
"Little Sheep Crochet Plushies Pattern, Amigurumi PDF File Tutorial in English Deutsch Français Español Português",2.97,149,1197.0,69,1725,0,6,4
"Out Of This World Svg, Outer Space Svg, Saturn Svg, Space Theme Svg, Galaxy Svg, Celestial Svg, Planets Svg, Science Teacher Svg, Retro Svg",2.1,220,794.0,73,1221,0,6,4
"Happy Campers svg, Travel Trailer Camping svg, Toy Hauler RV Family Name Design, Camp Flag Sign Graphic, Camp Bucket png, Cricut Clipart eps",3.14,269,1060.0,77,1332,0,6,4
Merry Christmas png - Christmas Sublimation - Merry Christmas plaid png Print File For Sublimation Or Print - Digital Download,1.99,168,1328.0,86,1944,0,6,4
"Crochet Pattern, Heartbeat Ripple, ByMimzan",3.02,240,1784.0,87,1035,0,6,4
Cursive fonts handwritten Cursive fonts for Cricut Cursive font bundle Fonts bundle Wedding font bundle Fonts for Cricut Fonts,2.0,353,1560.0,89,1090,0,6,4
Cursive fonts handwritten Cursive fonts for Cricut Cursive font bundle Fonts bundle Wedding font bundle Fonts for Cricut Fonts,2.0,353,1560.0,89,1090,0,6,4
Mixed Gemstone Chips Drilled Beads,2.5,231,1270.0,89,1327,0,6,4
Cat Toy || 420 || CROCHET PATTERN set of 3 | English,3.91,265,1300.0,95,1496,0,6,4
Decorative standing Christmas tree svg template Glowforge Christmas tree dxf cut plan Christmas decor laser cut file vector digital download,2.85,145,1059.0,101,1268,0,6,4
Easter Egg Designs Spring Bundle 10 Unique Easter Eggs - Svg file - SVG - For Cricut For Silhouette Files png pdf dxf,1.45,289,1466.0,101,1084,0,6,4
PDF Crochet PATTERN - Monstera Deliciosa Leaf Coasters/DIY Leaves Garland/ Monstera Albo Variegata/ Thai Constellation,3.69,147,1313.0,103,1009,0,6,4
Days Until Christmas Countdown Calendar Bauble Svg Laser Cutting Files - Christmas Calendar Svg Laser Cut Files For Glowforge XTool etc #073,2.88,257,1287.0,111,1171,0,6,4
"Fire Fighter Dad SVG, Firefighter svg, Fireman svg, Dad Life svg, US Fire Fighter svg, American Flag svg, Dad and Son svg, Cricut Files, Png",1.82,216,1380.0,116,1343,0,6,4
Branch Out Shawl | Crochet Pattern,3.0,277,1575.0,120,1993,0,6,4
Branch Out Shawl | Crochet Pattern,3.0,277,1575.0,120,1993,0,6,4
"Grinch SVG, Grinch Ew People, Christmas Grinch SVG, Grinch face svg, Christmas Villain, Grinchmas svg, Vector Grinch, Grinch Silhouette svg.",1.8,268,1468.0,122,1974,0,6,4
"Family Vacation 2024 SVG Bundle, Family Trip SVG, Summer 2024 SVG, Family Svg, Family Holiday svg, Family Shirt svg, Cut files for Cricut",1.76,207,1320.0,130,1366,0,6,4
"Laser Cut Chest Of Drawers Jewelry Box, Wooden Gift box, Laser Cut Wooden Box, Vector Files For Wood Laser Cutting",1.93,215,1111.0,130,1550,0,6,4
"Display Stand Laser Cut Svg Files, 4 Shelf Display Stand Files, Vector Files For Wood Laser Cutting",1.93,285,1116.0,131,1110,0,6,4
"Display Stand Laser Cut Svg Files, 4 Shelf Display Stand Files, Vector Files For Wood Laser Cutting",1.93,285,1116.0,131,1110,0,6,4
"Rainbow SVG, Rainbow with clouds SVG, Rainbow cut file for Cricut Silhouette dxf png jpg eps, Rainbow clipart, Rainbow vinyl iron on shirt",1.52,333,1699.0,132,1212,0,6,4
Knitting Pattern Baby Jumper / Sweater/Pullover Fisherman's Rib DK / Light Worsted/8 Ply size 17-19in 43-48cm,1.78,346,2186.0,132,1221,0,6,4
Ragdoll Spring Bunny Crochet Pattern,3.08,214,1493.0,132,1820,0,6,4
Machine Embroidery designs Mouse SET Fill Mouse Embroidery design Mouse Head Pattern INSTANT Download 4x4 5x7 Stickdatei Maus,3.0,298,1755.0,139,1466,0,6,4
Machine Embroidery designs Mouse SET Fill Mouse Embroidery design Mouse Head Pattern INSTANT Download 4x4 5x7 Stickdatei Maus,3.0,298,1755.0,139,1466,0,6,4
DIGITAL Download Doll Clothes Pattern: Shirt & Jeans for Gen 1 Monster High Girls,2.99,302,1332.0,141,1524,0,6,4
"Ugly Sweater Svg Bundle Svg, PNG, 8 Templates + Ugly Sweater Font Svg for Cricut, Silhouette Dxf, Vinyl Cutters, Sublimation, Printer, HTV",4.5,236,1873.0,142,1753,0,6,4
"Christmas Ornaments SVG Laser Cut Files, Personalizable 6 Designs For Christmas Tree Ornaments With Editable Text, Christmas Tree Toys SVG",2.99,290,1431.0,145,1788,0,6,4
Snowflake svg cutfile Snow flake svg cut file Christmas clipart download snow png eps dxf jpg pdf Cricut Silhouette Winter Holiday svgs,1.32,260,1856.0,146,1687,0,6,4
"Nativity Scene Star Lanterns Shadow Box SVG for Cricut Projects DIY, Merry Christmas Nativity Star Lamp Decoration, SVG file for Cricut",3.9,239,1543.0,148,1609,0,6,4
"Under The Sea SVG, Sea Animals SVG, Ocean svg, Under The Sea Clipart, Svg Files, Whale SVG, Turtle svg, Under The Sea Cut Files, Svg Bundle",1.13,209,1716.0,148,1198,0,6,4
German Ostern Plotter File SVG DXF PNG Spring Bunny Chick Heart Botanical Wreath Cricut Silhouette Download Plotting Bundle Bird House,2.9,218,1257.0,151,1150,0,6,4
"Junk Journal, Neutral, Trifold, Folding Folio, Loaded Folder, Ephemera, Collage Sheets, Printable, Craft Kit, Scrapbook, Digital Download",2.9,141,1209.0,153,1034,0,6,4
"The Ultimate Small Flower svg Bundle, 3D paper flower and leaf svg bundle, spring flowers, create your own flower svg, template for cricut",3.61,317,1503.0,157,1050,0,6,4
Laser Cut Sliding Lid Box Bundle - 24 Designs of Laser Cut Gift Storage Boxes - DXF and SVG Glowforge Files,4.12,304,1594.0,163,1498,0,6,4
"Daisy Svg Bundle, Flower Svg files for cricut, Clipart Cut files for Cricut Cameo, Vector Cutfile, Spring Summer Svg,Png Files",1.39,292,1569.0,164,1288,0,6,4
"Two Layered Rose Laser Cut Svg Files, Vector Files For Wood Laser Cutting",1.93,352,1402.0,164,1292,0,6,4
"Two Layered Rose Laser Cut Svg Files, Vector Files For Wood Laser Cutting",1.93,352,1402.0,164,1292,0,6,4
Amigurumi funny Bunny in Christmas Costume/ Winter Bunny Crochet Pattern/ Christmas Elf Bunny/PDF Eng Crochet Pattern/DIY Christmas Gift Toy,3.63,227,1327.0,168,1991,0,6,4
"CROCHET PATTERN X Crochet Pumpkins Centerpiece Pattern, English PDF Download, Crochet Fall Decoration Pattern,",3.49,168,1681.0,170,1730,0,6,4
60 Christian SVG PNG bundle Religious svg bundle Motivational Quotes Svg Bundle | Bible Verse svg | Coffee Mug svg | Jesus Svg | God Svg Png,2.1,180,1845.0,180,1676,0,6,4
"100 Days of School SVG PNG PDF, 100 Days Shirt Svg, School Svg, 100 Days Brighter Svg, Back To School Svg, Teacher Appreciation Svg",2.09,181,1836.0,181,1214,0,6,4
100 Wildflower Svg Bundle | Flower svg | Floral svg Bundle | wildflower svg | Floral svg | Botanical svg | Flower clipart | svg files cricut,2.21,252,1688.0,185,1495,0,6,4
