Product Title,Cost,7 Day Sale,Total Sale,Review,Favorite,Cost_Group,Favorite_Group,Review_Group
"Potion Witch For The Flower Basket Interchangeable File SVG, Halloween,  Fall Tiered Tray, Glowforge, LuckyHeartDesignsCo",6.99,103,162.0,10,84,0,1,0
Acrylic D Earring Connector- D Acrylic Connector- Jewelry Supplies- 2 Holes - Color Code: A662 - 23.76x12.83x2.68mm - AC2328-A662,1.27,113,177.0,10,92,0,1,0
"I fix quarantine hair svg, hairdresser, quarantine hair don't care, hair stylist, beauty svg, png, cutting files for cricut and silhouette",3.0,127,200.0,10,103,0,1,0
6pcs+black Earring cotton tassels-2cm mini tassels- tiny cotton thread tassels- tassels charm with rings- jewelry supply- TT1001F,1.8,111,174.0,10,112,0,1,0
"100 days svg, 100th day of school svg, mermaid svg, 100 magical days svg, school, 100 days, SVG, DXF, EPS, 100 days shirt, girls svg, cutter",3.99,107,168.0,10,117,0,1,0
"Stick bar charm, Nickel free, A1-G2, 10pcs, 2x45mm, 1mm thick, Stick bar pendant, 16K shiny gold plated brass, Not easily tarnish, CX19-02",9.32,141,202.0,10,125,0,1,0
"first day of school svg, Last day of school chalkboard svg, first day of school sign svg, back to school board svg files for cricut",1.95,106,167.0,10,128,0,1,0
"3pcs/set Rectangle Colorful Hair Clip, Water drop hair pin for girl, High Quality Leopard Hair Barrette, Round Bobby Pin, Geometric Barrette",3.6,119,119.0,10,132,0,1,0
"Teach Love Inspire SVG, Vector Clipart, School Svg, Png, Eps, Dxf, Cricut, Cut Files, Silhouette Files, Download, Print",2.2,102,160.0,10,146,0,1,0
"Water Color Princess Squad Png, Family Trip 2023 Png, Best Day Ever, Family Vacation Png, Vacay Mode Png, Princess Png, Magical Kingdom Png",1.7,113,126.0,10,146,0,1,0
"Crazy Plant Lady PNG DIGITAL FILE for sublimation, waterslides, etc",3.0,138,138.0,10,176,0,1,0
"Dogs Fabric,French Bulldog Fabric,Dog Paws Print Fabric,Fabric For Sewing,Black 100% Cotton Fabric By 1/2 Yard,19 x 57 inch",9.1,120,120.0,11,93,0,1,1
Elk Skull | Vector Clipart | INSTANT DIGITAL DOWNLOAD | svg | png | dxf | jpeg | eps | pdf,2.95,113,177.0,11,93,0,1,1
Split Cinema Monogram - Cutting Files Svg Png Jpg Eps Dxf Digital Graphic Design Instant Download Commercial Use Movie Retro Old (00844c),3.0,103,147.0,11,173,0,1,1
"Coin post with a link behind, Y5-R1, 2 pcs, Nickel Free, 18mm, 16K gold plated brass, Minimalist post, Modern post, Dainty post for charms",4.51,141,222.0,11,59,0,1,1
Mickeyy and Friends Svg Png Instant Download Printable Design Svg For Cricut Cutting File Vinyl Cut File,4.0,137,140.0,11,135,0,1,1
"Christmas Nativity shadow box svg, Nativity house svg, house paper lantern svg, cricut files, cutting lamp 3D shadow box",3.9,104,115.0,11,186,0,1,1
Baseball Logo #37 Grin Grinning Skull Wood Bat Crossed Sports League Equipment Catcher Mask Game .SVG .PNG Vector Cricut Cut Cutting File,1.68,125,196.0,11,151,0,1,1
"Football SVG, That's my Bubba Biggest Fan svg, Brother Biggest Fan shirt design Football cut file, sis, sister svg, Eps, Dxf, Png Cricut",2.43,109,172.0,12,155,0,1,1
"Leopard Print Pixie Mom svg, Pixie hair svg, Mom life SVG, Momlife Pixie hair Svg, Patriotic svg, Files For Cricut and silhouette",2.08,136,156.0,12,88,0,1,1
"SILVER w/ FUCHSIA HEARTS faux leather sheet,8x11 faux leather,silver vegan leather, pink faux leather,fake leather,faux leather fabric vinyl",2.1,102,117.0,12,123,0,1,1
It's Cookie Time Cutting File - SVG & DXF Files - Silhouette Cameo/Cricut,1.99,108,169.0,12,177,0,1,1
"Rainbow leopard Printed HTV, Patterned HTV, Pattern Vinyl, Glitter HTV,  Faux leather, Puff Heat transfer Vinyl,  Adhesive Craft Vinyl- 350",3.4,113,113.0,12,178,0,1,1
"Vintage Santa SVG | Santa Claus SVG | Retro Santa SVG | Santa Face svg | Cute Santa svg | Merry Christmas svg | Cricut, Cameo Silhouette",1.0,161,185.0,12,178,0,1,1
From the Library of Stamp-Personalized Book Embosser-Book Embosser Personalized-Custom From the Library of Book Stamp -Ex Libris Embosser,9.25,113,127.0,12,146,0,1,1
Instant Download*** (Machine Embroidery Design) Cross Jerusalem,3.0,118,118.0,12,76,0,1,1
"Football Tumbler Wrap, 20oz and 30oz, Skinny Straight, Skinny Tapered, for sublimation, digital download, Ravens png file,",2.95,166,168.0,12,73,0,1,1
Faith Tiered Tray Svg | Pray Tiered Tray Svg | Be Still Tiered Tray Svg | Religious Tiered Tray Svg | Glowforge Files | Laser Files |,4.2,109,172.0,12,171,0,1,1
"20oz Skinny Straight Snowman with Offset Tumbler Template Svg, Cricut Cut Files, Beartrendz Svg, Digital Download, Svg Vector",3.0,124,159.0,12,143,0,1,1
"Christmas Village Display Tree - 3D Plans, CNC cutting files",9.94,126,127.0,12,136,0,1,1
"Arrow mama bear svg, papa bear svg, brother bear svg, sister bear svg, baby bear svg, arrow bear svg, bear silhouette, bear family svg",2.14,118,185.0,12,136,0,1,1
Vintage Knitting Pattern PDF  Baby Jacket Hoodie and Hat Garter Stitch Cardigan Jumper Coat Pram Set Matinee Twins Newborn Boys Girls DK,1.58,108,109.0,12,56,0,1,1
"HAWAII Digital Papers, 23 Pieces, 12",1.95,108,169.0,12,196,0,1,1
Laurel Wreath Font Frame Embroidery Monogram Frame - Instant Download,3.0,102,161.0,12,123,0,1,1
Happy Camper Machine Embroidery Design Camping Embroidery Filled Stitch 4X4 5X7 8X8 6X10 Instant download,3.25,102,146.0,12,145,0,1,1
"Happy Thanksgiving SVG, Farmhouse Thanksgiving Sign SVG, Digital Download, Cut File, Sublimation, Clip Art (svg/dxf/png/jpeg files)",1.99,175,176.0,13,134,0,1,1
"Forty and Fabulous SVG, 40th SVG, fortieth SVG, 40th Birthday Svg, 40 & Fabulous Svg, Svg Cut Files, Clip Art, Vector, Svg Sayings",2.24,125,178.0,13,129,0,1,1
Baby Ripple and Ruffle Afghan Blanket Crochet Pattern PDF Baby Boy Girl Lace Blanket Afghan Cover Sport Yarn Instant Download PDF - 2473,1.44,118,185.0,13,108,0,1,1
Aquatic Animals & Creatures Chocolate Molds (F),3.5,102,103.0,13,51,0,1,1
Reversible stitch matching blanket and pillow crochet pattern multi-pack,7.61,109,126.0,13,112,0,1,1
GIGI Mother's Day Navy Blue Gold Floral Sublimation Tumbler Seamless Sublimation Designs Downloads - Skinny Tumbler 20oz Design - PNG 2022,4.0,113,177.0,13,160,0,1,1
"Anime Svg, Sprites Candy Svg, Cut Files For Cricut, Eps, Png",1.99,167,168.0,13,171,0,1,1
DIGITAL ITEM: Spidey Tooth Applique Design 4x4 and 5x7,3.25,103,162.0,13,89,0,1,1
Number Stencils SVG Cricut Cutting FRAGILE Stencile file Included Letter Stencils Template dxf Stencil Lettering,3.26,113,161.0,13,76,0,1,1
"Female Golfer  ****Svg cut file, Png, Dxf, Jpg use with Silhouette Studio & Cricut, Vector Art, Vinyl Design Digital Cut Files",2.99,129,203.0,13,183,0,1,1
"Football Mom Life svg, Football Svg, footballmom svg, Messy Bun Svg Football sunglasses Svg Layered svg cut files for Cricut",1.12,138,217.0,13,183,0,1,1
baseball Mouse SVG / Team Mom Volleyball ball Ears Bow / Instant Download /baseball sport Mouse for Silhouette and Cricut,1.05,129,203.0,13,65,0,1,1
"Christmas, Santa insert card design. Digital download, Cricut Joy / Cricut / Silhouette / Scan n Cut design. svg / dxf / eps files.",2.65,108,155.0,13,189,0,1,1
Grammie SVG design - My favorite people call me Grammie SVG file for Cricut - Grandma shirt SVG - Sunflower Digital Download,1.77,102,160.0,13,54,0,1,1
14K Gold Plated 1” Hoops (1pair),2.29,103,147.0,13,52,0,1,1
SVG DXF File for Mickey with Sunglasses,1.0,127,200.0,13,92,0,1,1
"Pharmacy technician svg, Pharmacy shirt svg, Pharmacy tech svg, Shirt, Pharmacy life svg, SVG,PNG, EPS, Dxf, Instant Download, Cricut",1.77,109,172.0,14,178,0,1,1
"Large Tortoiseshell Hair Claws for Thick Hair, Hair Clamp, Tortoise Hair Clip Claws, Acetate Hair Claw Clip for Women, Hair Accessories",6.3,129,166.0,14,180,0,1,1
"Taylor Swift Eras Merch The Eras Tour,Cricut PNG Tshirt Download,Swiftie,Taylor Swift Svg,Taylor’s version,Swift Png,Sublimation png svg dxf",3.5,178,180.0,14,193,0,1,1
"Christmas Best Friends Sitting Clipart, Besties Clipart, Family Clipart, Xmas Girl Cocktail, Soul Sisters Clipart, Customizable Clipart.",8.27,103,132.0,14,198,0,1,1
Quacky duck toy knitting pattern,3.31,107,122.0,14,172,0,1,1
"No Need to Knock SVG, The Dogs Know You're Here SVG, Paw Print Svg, Round Dog Svg, Welcome Dog Svg - svg, dxf, eps and png instant download",1.69,108,169.0,14,132,0,1,1
Together - 2 Premade Scrapbook Pages - EZ Layout 4394,4.5,113,113.0,14,67,0,1,1
Baby Boy Jacket and Hat Vintage Knitting Pattern 16-24'' 0- 4 yrs Baby Toddler Boy Denim Style Jacket Set DK 8ply Instant Download PDF - 371,1.35,127,199.0,14,103,0,1,1
"Aerolite Script embroidery BX font Sizes 0.25 (1/4), 0.50 (1/2), 1, 1.5, 2, 2.5, 3, 3.5, 4, 4.5, 5, 5.5, 6, 6.5, and 7 inches",4.46,136,195.0,14,67,0,1,1
"Fisherman catching fish SVG, EPS, PNG, pdf | Fishing Svg | Cut File | Cricut | Clipart | Funny Fishing | Father's Day | Instant Download",1.58,120,148.0,14,109,0,1,1
"Soiree Wrap Light Shawl Crochet Pattern, Lacy Crochet Wrap Pattern, Boho Cover Up Pattern, White Wrap",5.99,172,186.0,14,86,0,1,1
"Epcot Svg Bundle, World Traveler Svg, Snacking Around the World Svg, World Svg, World Trip Svg, Travel svg, Cut Files For Cricut, Silhouette",1.99,186,187.0,15,150,0,1,1
"TENNIS BALL SVG - Commercial Use Svg, Tennis Cut File, Ball Svg, Cricut Tennis Svg, Sport Print File, Digital Download, Svg Dxf Png",1.24,138,217.0,15,91,0,1,1
"Ew People Christmas Svg Layered Item. Clipart, Cricut, Digital Vector Cut File",0.99,164,179.0,15,128,0,1,1
MA19CZ Gold Filled(14KGF)/925 Silver 19.4 x 2.6mm,6.2,125,338.0,15,123,0,1,1
"Ghost Chocolate Lollipop Holder, Halloween Chocolate Holder svg, Halloween Lollipop Holder svg, Ghost Chocolate Holder Cricut Silhouette",2.13,102,145.0,15,195,0,1,1
Bundle German Words Christmas SVG | Cut File German Lettering Christmas | Plotter File Candle Texts Christmas Candle Design SVG,3.36,103,141.0,15,155,0,1,1
"Retro Dinosaur SVG Bundle, Dinosaur Quotes SVG, Dinosaur svg, Dinosaur Lover svg, T-Rex SVG, Kids Shirt svg, Cricut Cut File, Silhouette",3.32,137,215.0,16,145,0,1,1
"Christmas Snowman Clipart - 12 High Quality PNGs, Memory Book, Junk Journals, Scrapbooks, Digital Planners, Commercial Use, Digital Download",2.54,120,137.0,16,98,0,1,1
Globe SVG/ Planet Earth Svg/ Earth Svg/ Globe Clipart/ Cut Files/ Silhouette/ Files for Cricut/ Vector,2.04,136,213.0,16,162,0,1,1
"5th Birthday Svg, 5th Birthday Girl, 5 Years, Fifth, 5th Birthday Party, Birthday Shirt Svg, Boho Rainbow Party",1.44,118,185.0,16,157,0,1,1
Come On,1.55,113,162.0,16,165,0,1,1
Rosey - 2 Premade Scrapbook Pages - EZ Layout 4198,4.5,129,129.0,16,80,0,1,1
"SpongeBob Cartoon Themed Croc Charms - for Foam Clogs, Shoes with Holes - PVC Rubber",2.12,138,153.0,16,74,0,1,1
"CUSTOM STAMP, Return address stamp, Address Stamp, Self-inking, Christmas gift, Housewarming gift, Christmas Gift, Save the Date",4.99,335,341.0,16,69,0,1,1
Floral Tumbler Wrap Purple Flowers Sublimation Seamless Designs - Skinny Tumbler 20oz Design - PNG 2023,2.4,139,218.0,16,186,0,1,1
"30Grams Raw Brass Round Jump Ring , Findings 5mm x 0.5mm - F256",2.5,136,136.0,16,128,0,1,1
"10pcs Open Clip Hoop Earrings, Clicker Ring Hoops, Earring Findings, Geometric Hoop Earrings, Gold Plated Stainless Steel Pierced Jewelry",5.85,129,184.0,16,60,0,1,1
Chalkboard Frame Clipart – Free Commercial Use Clipart Featuring 18 Chalkboard Vector Frames 10655,4.7,103,147.0,16,198,0,1,1
"Bride Svg, Skeleton Wedding Finger Svg, Bride Tribe Svg, Bridal Party Svg, Bach Party. Vector Cut file Cricut, Silhouette, Pdf Png Eps Dxf.",1.68,112,176.0,17,183,0,1,1
"Rapunzel SVG Bundle, Rapunzel Svg Files for Cricut and Silhouette, Tangled Clipart Digital Download",1.92,181,182.0,17,87,0,1,1
"Beer Mugs Collection SVG File,Beer SVG File,Cutting Template-Vector Clip Art for Commercial & Personal Use-Cricut,Silhouette,Cameo,Vinyl",3.49,140,237.0,17,91,0,1,1
"20pcs Hawaiian Pikake Beads, Hawaii Jasmine Flower Loose Beads, Island Style Carved Resin Coral Bulk beads, E094",5.52,108,111.0,17,187,0,1,1
"Baby Football, Baby Girl Football, Baby Boy Football, Football Baby Shower, Toddler Football, Sports Lover Gift",1.44,125,197.0,17,164,0,1,1
Halloween Digital Paper Printable Digital Paper Pack 12 x 12 Commercial Use - Instant Download - M198,1.99,118,185.0,17,194,0,1,1
"6PCS Real Gold Plated Brass cz Pave Earring Flower Posts, Earring Stud,Snowflake Ear Studs, Earring accessories",6.21,205,231.0,17,195,0,1,1
"It Takes a Big Heart to Shape Little Minds svg, Teacher Appreciation svg file, Teacher Gift Cricut svg, eps, dxf, ai, png, Files For Cricut",2.99,119,187.0,17,156,0,1,1
"Tortoiseshell Hair Claws for Women, Girl Hairpin, Resin Hair Claw Clip, Hair Clamp, Tortoise Hair Clip, Women's Birthday Gift, Gift for Her",3.5,129,202.0,17,155,0,1,1
"Music Notes Name Frame SVG, Music Notes SVG, Split Frame SVG, Digital Download, Cut File, Sublimation, Clip Art (svg/png/dxf file formats)",1.99,138,217.0,17,151,0,1,1
"11/0 Charlotte true Cuts Beads Matt Montana Transparent 10/20/50/250/500 Native Beads Supply, Premium Seed Beads",2.81,102,146.0,17,111,0,1,1
"80 Deer SVG Bundle, Deer Hunting SVG, Deer png, Deer vector, Deer cut files, Deer head svg, Deer antlers svg, Laser Cut files, Deer Clip Art",1.49,160,163.0,17,99,0,1,1
"Mickey mouse clipart, mickey head clip art, icon, graphics, digital scrapbooking, commercial use - Instant Download - M345",1.99,118,185.0,17,149,0,1,1
"Coin disc, B3-G2, 10 pcs, 2 holes, 12mm, 16K gold plated brass, Nickel free, Brass blank tags, Necklace / Bracelet charm, CY06-01",9.15,229,344.0,17,95,0,1,1
Handmade photo glass Cabochons 8mm 10mm 12mm 14mm 15mm 16mm 18mm 20mm 22mm 25mm glass cabochon -  xy2418,2.7,119,187.0,17,109,0,1,1
"Dog SVG Bundle, Dog PNG Bundle, Dog Clipart, Dog SVG Cut Files for Cricut, Cute Dog Svg, Paw Prints svg, Pet Svg, Dog House svg, Dog Bone",1.48,136,158.0,17,106,0,1,1
"Bernese Mountain Dog svg files for cricut, Face Vector, Head Paw, breed Clipart, Dxf Plasma Cnc Art, png download, shirt design, body sit",3.0,118,186.0,17,146,0,1,1
"Railway Track Silhouette Pack - 9 Designs | Digital Download | Railway SVG, Railway PNG, Train Track Vector Graphic, Railroad SVG",1.59,127,199.0,17,104,0,1,1
"2 Old English Fonts SVG, TTF, Png, Letters & Numbers, Font for Cricut TTF, Old English Font - Digital Download",1.99,118,185.0,17,130,0,1,1
Mini Oval Circle Alloy Stud Earrings Light Gold Plated 10mm E-05-040,3.2,113,145.0,17,95,0,1,1
10PCS  Wholesale Antique Brass Filigree   Hair  pins Clip Setting- high quality-( PINSS-6),3.15,114,114.0,17,99,0,1,1
"Mixed Crystal W/Decorative Caps Clear Iridescent and Gray Blue Rosary Chain, Round & Rondelle mix 8mm and 6mm Gunmetal cap/pin By the foot",2.85,103,118.0,18,62,0,1,1
"Instant Download PDF  amigurumi crochet pattern teddy bear -Milo,anime,welcome to sell the finished item",4.99,140,140.0,18,118,0,1,1
Christmas Tree Ornament Stained Glass Pattern,1.2,120,121.0,18,112,0,1,1
rubber cord tube hollow 3mm  mix colors option,2.98,118,186.0,18,127,0,1,1
"Golf Girl - Machine Embroidery Design - 4x4 5x7 6x10 8x8 Sizes - Golf Embroidery Design, Golf Saying Embroidery Design",4.0,125,196.0,18,131,0,1,1
Hockey Sticks and Puck embroidery design. Hockey Sticks embroidery design. Machine embroidery design. Hockey Sticks Silhouette.,1.99,129,202.0,18,55,0,1,1
"Cuss Word Mandala F*ck Mandala Laser Engraved Full Wrap Design for 40oz Tumbler, Digital Download,  Seamless Design, SVG For Laser Rotary",4.67,169,188.0,18,156,0,1,1
Bow Tie DIY PDF Sewing Pattern,3.67,120,172.0,18,169,0,1,1
"Ceramic Decal, Underglaze Transfer - Pattern Hearts",1.9,108,169.0,18,94,0,1,1
"swimming dog, duck hunt 3D CNC Router Files, 3d stl file, vectric,aspire,easel, cnc cut files, 2.5d files",3.45,113,162.0,18,149,0,1,1
"Christmas Accessories. Watercolor clipart,  Santa's hat, bow, antlers, holiday, party, scarf, add-on, kids nursery, , for portraits, animals",5.12,118,168.0,18,156,0,1,1
"50 Pcs Matt Gold Balls,Spacer Balls,Hollow Beads,Tiny Spacer Beads,Bracelet Beads,Round Beads,Matt Gold Findings 3mm MTGLD-33",1.69,111,175.0,18,142,0,1,1
"Softshell MELLY by Stofftreff Santi®-Melange, mottled, meter goods, water-repellent, jackets, pants, rain protection in 0.5 m increments",7.97,102,146.0,18,120,0,1,1
"Waffle Stitch Easy Knit Blanket Pattern, Wintery Waffle Stitch Throw Knitting Pattern, Modern Knit Blanket, Cream Blanket Knitting Pattern",5.99,210,227.0,19,80,0,1,1
"KELLY GREEN flat chunky glitter canvas sheet,8x11 canvas sheet,green glitter sheet,green glitter canvas,fabric sheet,glitter fabric material",2.1,118,186.0,19,97,0,1,1
"Stencil, Sunflower Stencil, Flower Stencil, Sunflower with Seeds Stencil for Gardening, Floral Stencil, Summer Stencil, Porch Decor",2.76,107,107.0,19,97,0,1,1
"Princess 501 PNG Bundle, Princess Clipart Instant Download, Birthday, Moana, Frozen, Snow White, sleeping Beauty, Aurora, Jazmin",1.99,164,165.0,19,130,0,1,1
12 pc. Tiny Raw Brass Penguins: 9.5mm by 6mm - made in USA | RB-045,5.0,104,123.0,19,138,0,1,1
"Funny Christmas SVG Bundle, Christmas sign svg , Merry Christmas svg, Christmas Ornaments Svg, Winter svg, Xmas svg, Santa svg",1.0,179,197.0,19,185,0,1,1
Veteran Svg PNG JPEG Silhouette Cameo Cricut bod Alumni iron on papa sign retired Dad sublimation mom military hero Thank you veterans day,2.24,318,344.0,19,196,0,1,1
3 sets 10x2mm Flat Magnetic Clasp For 5mm 10mm Flat Leather Cord,3.5,107,168.0,19,159,0,1,1
"6pcs Raw Brass Round Connector Charm, Round Links, 2 Hole Earring Connectors, Brass Earring Findings, Laser Cut Jewelry Supplies RW-1204",1.3,106,167.0,19,186,0,1,1
Hijab grip pins Hijab sliders Chiffon Silk Jersey snag free pins pack of 12,6.61,109,171.0,19,51,0,1,1
Georgia Bulldog Logo Embroidery File,3.75,187,188.0,19,133,0,1,1
"Big Sister Svg. Sister outfit Svg, Sister Announcement Svg, Promoted to big sister Svg",1.5,125,179.0,19,190,0,1,1
Salmon Grout-Sanded & Unsanded,4.98,106,167.0,19,79,0,1,1
"Bead Pattern: Christmas Snowman Bell Ornament, pdf. tutorial. English only",8.61,120,173.0,19,161,0,1,1
Velvet Ribbon // Double Sided Velvet Ribbon // Double Faced Velvet Ribbon - FAIRYTALE PINK,3.8,109,110.0,20,149,0,1,1
"Pastel Skeletons Patterned HTV Vinyl, Pastel Halloween pattern Vinyl, Heat Transfer Vinyl or Outdoor Adhesive Vinyl    365C",2.29,103,162.0,20,189,0,1,1
Crochet Pattern - INSTANT PDF DOWNLOAD - Crochet Stocking Pattern - Stocking - Christmas Stocking - Winter Snowman - Nellas Cottage,3.99,171,203.0,20,189,0,1,1
"St. Patrick's Day digital paper, Patrick's day scrapbook papers, four leaf clover wallpaper, clover background - M469",1.99,138,217.0,20,131,0,1,1
Silver Regular Size Cursive T Initial Charm SRI-T,4.11,125,196.0,20,91,0,1,1
"Arabesque Christmas Ornament SVG, Arabesque Ornament Cricut, Arabesque Tile SVG, Arabesque SVG, Christmas Svg Cricut, Joy Svg, Noel Svg",1.19,140,220.0,20,157,0,1,1
"Baby It's Cold Outside Stencil, Christmas Stencil, Classic Holiday Song Stencil, Snow Flake Stencil, Reusable Plastic, Vinyl Transfer, Craft",3.45,113,113.0,20,111,0,1,1
Bulldog Charm,2.0,113,177.0,20,122,0,1,1
"Stencil, American Flag Stencil, Distressed Flag Stencil, Tattered Flag, Torn Flag, Patriotic Stencil, USA, Reusable Stencil for Wood, Craft",4.61,113,113.0,20,79,0,1,1
Blank Bookmark Embroidery Design. Machine Embroidery Design. Bookmark Pattern. Rectangle Embroidery Design. Book Reading Pattern. Bookmark,2.97,112,160.0,17,200,0,2,1
"Baby Quilt Pattern, PDF, instand download, baby, crib, modern patchwork, green, blue, orange, red, Charm Pack, Scrumptious, Bonnie & Camille",10.0,137,216.0,17,198,1,1,1
"Wide 5 Picket Planter Plans, Fence Picket Planter Plans, Garden Planter Plans, Flower Box Plans, Garden Plans, DIY Flower Box, Wide Planter",10.0,113,162.0,19,190,1,1,1
