Product Title,Cost,7 Day Sale,Total Sale,Review,Favorite,Cost_Group,Favorite_Group,Review_Group
Spice Spice Baby SVG - Fall Svg Files - Fall Svgs - Fall Quotes Svg - Pumpkin Spice Svg - Fall Shirt Svg - Funny Fall Svg - Groovy Fall SVG,1.61,0,1,0,0,0,0,0
"Red cotton pompom, pompom decoration, cotton accessory, pompom loops, jewelry making, red cotton, 25-31mm, the 5, G2771",1.09,12,43,0,19,0,0,0
Cucumber seed Rufus F1 Vegetable Heirloom Seed from Ukraine Gherkin#12164,1.39,0,19,0,10,0,0,0
"from 10 cm, cotton jersey print, flowers, dusty green, green, scattered flowers",1.47,0,8,0,10,0,0,0
CHRISTMAS NOEL Plastic Canvas Pre-Cut Ornament magnet Orney Plant Poke Wall Decor Needlepoint Sewing Crafts Sewing FREE Pattern,0.85,0,4,0,10,0,0,0
Mason Jar Die Cuts - 20 pcs - Paper Shapes Cardstock Cutouts,1.5,0,5,0,10,0,0,0
Anti Social Virgo Club SVG - Cricut Vector Zodiac Design for people who are Virgos Funny Illustration Meme,0.99,0,6,0,10,0,0,0
2pcs Filigree Stamping Ornaments Scrapbooking Metal Embellishments for Jewelry Making Mixed Media Art Projects Vintage Findings 32x55mm,1.49,0,3,0,10,0,0,0
Unfinished Wooden Christmas Tree Ornament Shape | Craft Supply **Bulk Pricing Available**  SHIPS FAST 3,0.78,82,212,0,10,0,0,0
"Golden Window Druzy Connector, 8x10mm Oval Connector, Silver Connector, Cave Druzy Connector, Jewelry Making Supplies, (WGZ-11182)",1.49,43,43,0,10,0,0,0
Miyuki 15/0 Delica - DBS267 - Opaque Blueberry Luster,1.12,35,150,0,9,0,0,0
Back to School Svg| First Day of School Svg| Teacher Svg Shirt| Hello Pre-k Svg| Kindergarten Png Boy & Girl| 1st 2nd 3rd 4th 5th 6th Grade,1.67,4,5,0,16,0,0,0
US Camper SVG | USA Flag Trailer Camp Svg | Camping T-Shirt Vinyl Decals Graphics | Cricut Silhouette Clipart Vector Digital Dxf Png Eps Ai,0.5,35,40,0,8,0,0,0
bad hair day - sublimation file hairdresser png files - designs for shirts - sublimation files - digital downloads - png bad hair day,1.61,0,9,0,11,0,0,0
15 mm noses triangle pink,1.08,0,5,0,11,0,0,0
"Dog Paw SVG and DXF Cut Files - for Cricut, Silhouette, Die Cut Machines // scrapbooking // paper crafts // solipandi // #167",1.81,0,5,0,11,0,0,0
"Lilibet | Decorative Planner Sticker, Floral, Lilly of the Valley, Queen Elizabeth, Monarch, OodlemaDoodles",1.33,0,8,0,11,0,0,0
"Earrings Charms, Diamond Charm decorated with Thread , Alloy Connector , Earrings Findings, Pendant, Jewelry Supplies (AHE30-D)",1.68,114,114,0,15,0,0,0
"Meow Svg, Cat Ears Whiskers Svg, Kitten Svg, Cat Lady Svg. Vector Cut file for Cricut, Silhouette, Pdf Png Eps Dxf, Decal, Sticker, Vinyl",1.58,12,386,0,16,0,0,0
Pumpkin Wreath Coloring Page Instant Download Fall Coloring Page Digital Download,0.99,0,5,0,15,0,0,0
Crown machine embroidery design. Tiara embroidery pattern. pe/pes/hus/dst. Crown embroidery applique pattern. Queen and King embroidery file,1,0,0,0,14,0,0,0
"13th Birthday svg, Cake Topper svg, Happy 13th Birthday svg, dxf file, png file, Happy 13th svg, Officialy Teenager, Thirteen",1.92,3,22,0,14,0,0,0
Snowflake bookfolding pattern,1.99,14,24,0,14,0,0,0
Pink Ivory Hope Chest Florals - Choice Fabrics Cotton Quilting Fabric By The Yard - BD-37928-A01 - Cut to Order,0.97,0,0,0,16,0,0,0
American Graffiti Mix Polyester Glitter Tumblers Nails Craft Art Resin Shape Opaque Festival Body Party Confetti USA Fourth July Patriotic,1.65,0,6,0,17,0,0,0
"Apple Pie SVG, Apple Pie Cut File, Apple Pie Clipart, Apple Pie PDF, Cherries Download, Digital Download, Instant Download, Cricut Files",1.7,0,12,0,13,0,0,0
"24k Gold Plated Star Charm, 24x25mm Gold Enamel Pendant,Necklace For Pendant",1.64,0,4,0,8,0,0,0
1 Yard 0.5mm KOREAN Waxed Cord - Dark PURPLE Round Soft Shiny Polyester Wax Cording for Beaded Wrap Stringing Bracelets,0.65,2,2,0,13,0,0,0
Orange Hollow Stars | Snow Globe Stars | Orange shifting color | Glittery crystals,0.96,3,5,0,13,0,0,0
30 Flower beads yellow polymer clay F719 - SALE 50% OFF,1.25,1,17,0,18,0,0,0
Strawberry Girls Clip-art Set 1 in a PNG (300ppi) format. Personal & Small Commercial use (218),1.39,0,8,0,19,0,0,0
"A lucky fisherman lives here svg, The catch of his life svg, Fishing poster svg, Fish svg, Fishing Svg,  Fishing Shirt, Fathers Day Svg",1.66,3,379,0,11,0,0,0
"fluorescent yellow braided cord brown pink blue 2mm, cord for jewelry, multicolored cord scrapbooking, rope decoration, length 1 meter G5934",1.36,36,36,0,11,0,0,0
"Tortoise Shell Beads,Acetate Acrylic Earring Charms,Hexagon Outline Shaped Pendants,Earrings Parts,Earring Blank ,One Hole,27MM A228-ACE267H",1.2,43,43,0,11,0,0,0
"Hop, Skip & Jump Tamara Kate fabric by the yard - choose pink or green - DC7098 - Clearance item",1.09,0,7,0,11,0,0,0
"Last Day Senior 2023 SVG, Class of 2023 svg, Officially Finished SVG, Last day of school SVG, Senior Last Day of high school shirt cut file",1.8,12,32,0,19,0,0,0
"Halloween Svg Png, Trick Or Treat Svg, Spooky Vibes Svg, Hallowen Svg Png Files For Cricut Sublimation",1.49,198,198,0,11,0,0,0
Saddle Brown Palmetto Embossed Leather Pieces Sheets for Leatherworking / Leather Crafts / Leather Earrings / Leather Jewelry,1.99,3,20,0,17,0,0,0
Birthday Party chunky polyester glitter mix 2 oz. in a shaker bottle!,1.75,1,4,0,8,0,0,0
"Cross Stitch Pattern, New Baby Girl Stitch, PDF, Instant Download, Cross Stitch Chart",1.99,0,7,0,8,0,0,0
"Yo perreo sola, Bad Bunny Svg, Png, Cricut File, Perfect for Cricut, Instant Download",1.99,0,8,0,8,0,0,0
"Tahoe Life, Lake Tahoe PNG Digital Design, Sublimation Designs Downloads, Print and Cut, Digital",1.5,0,2,0,3,0,0,0
"TOHO Opaque Cantaloupe, Size 8 Round Seed Beads, Color 42D, Cantaloupe Light Orange Opaque",1.96,0,3,0,3,0,0,0
"03-ZO2073-OR, 1pcs of Aries, Rhodium Plated, Mini Constellation Necklace Pendant, Zodiac Sign Jewelry, Tiny Zodiac Bracelet Pendant",0.75,0,0,0,3,0,0,0
10 x 8mm White Foil Flat Back Cabochons DIY jewellery,1.88,0,2,0,3,0,0,0
"Happy Mothers Day SVG, Mom Life Svg, Coffee Mug Svg, Girl Mom Svg, Boy Mom Svg, Blessed Svg, Keychain Svg, Mama Svg. Cricut Cut Files",1.97,0,12,0,2,0,0,0
"True Crime Obsessed SVG, True Crime SVG, Funny SVG, T-shirt svg, Cut files for Cricut, Gifts for her, Introvert svg",1.99,0,2,0,2,0,0,0
"I Know Your Lane Sucks But Stay In It SVG, PNG, Mind Your Own Business Svg, Sassy Shirt Design, Sarcastic Digital Download, Funny Quote Svg",1.98,0,0,0,2,0,0,0
Patons 8084 Woman's Lace Vest/Slipover - PDF Download,1.58,0,1,0,2,0,0,0
Ghost Plastic Canvas Cut Outs Plastic Canvas Halloween Ghost for Needlepoint,1.25,0,3,0,2,0,0,0
Spider Felties - 2.5,0.76,3,3,0,2,0,0,0
Firecracker Running svg png pdf psd jpg File Types 5k 10k Half Marathon Medal 4th of July Jogging Racing Walking Commercial Use Clipart,1.49,0,0,0,2,0,0,0
"Iron on labels. Lovelabels. Woven labels. Grandma made it. Orange iron on label. Crotchet, knitting and gift making.",1.99,0,1,0,0,0,0,0
Bruynzeel 48 Design Colored Pencil DIY Swatch Book Style 2,1.35,0,0,0,0,0,0,0
"SVG Father's day svg, daddy svg best dad ever svg - Fathers Day File // DxF // EPS // Pdf // PnG // SVG // Silhouette Cameo // Cricut Design",1.97,0,0,0,0,0,0,0
"Retro Coffee Svg Bundle, Coffee SVG Bundle, Coffee mug Svg, Caffeine Queen Svg, Coffee Lovers Svg, Coffee Obsessed Svg, Cut File Cricut Svg",1.65,46,76,0,0,0,0,0
SALE 12.5,1.18,53,192,0,0,0,0,0
"Leopard This Granny Loves Her Herd Png, Valentine's Day png, Mama Valentine, Cowhide Mama loves her herd, Highland cows Png",1.65,0,292,0,0,0,0,0
"Teacher Love Inspire Quote svg, Kindergarten svg, School SVG, T Shirt Design, Pre School svg, School Quotes svg, Digital Download SB-0025-08",1.48,0,1,0,0,0,0,0
onesie everyday i'm snugglin' svg png file,1.2,0,0,0,4,0,0,0
"Faceted Pink Quartz Rosary Chain, Rosary Beads Chain, Gold Plated Rosary Chain, Beaded Chain By Foot, 3-3.5mm Bead Gemstone Chain",1.98,0,6,0,3,0,0,0
13 Petal Felt Flower/ Succulent,1.99,0,3,0,4,0,0,0
Raw Silk Of the Highest Quality Handloomed in India Rough Silk with Slub Stiff Silk Fabric sold by Half Metre and Sample Fabric Silk,0.27,0,4,0,7,0,0,0
Be A Nice Human Tie Dye Sublimation Transfer Ready to Press Positive Happy Inspirational Design,1,0,3,0,7,0,0,0
"Pumpkin SVG, Pumpkin Stencil Svg,, Fall Sign svg, Fall SVG, Autumn Svg, Thanksgiving Svg, Autumn Svg, Cut File Cricut, Silhouette, PNG",1,3,10,0,6,0,0,0
"50mm 20 Ga 24k Shiny Gold Plated Head Pins, Flat Head Pins, Head Pins for Beading, Components, Gold Plated Findings,  MBGCHK324",1.82,0,0,0,6,0,0,0
14mm Taro Purple Mini Hexagon Silicone Beads | 5 or 10 Beads | Chewelry | Sensory | Fidget | Toy | STIM | Chewlery | Autism | ADHD,1.8,58,100,0,6,0,0,0
10-100pcs/lot 2-8 mm 14K Gold Color Plated Brass Loose Beads Round Ball Beads Spacer Beads For DIY Jewelry Making Accessories,1.73,0,0,0,6,0,0,0
Weaving ribbon Orientborte blue-bordeaux (18 mm),1.25,0,2,0,4,0,0,0
Baby Silhouette - Baby Boy SVG - Baby Girl SVG - Newborn Silhouette - Newborn SVG - Baby Shower Svg - Baby Cut File - Baby Feet Svg- Toddler,1.37,0,4,0,6,0,0,0
"Vintage Old Maid Card LARGE, Retro Game Ephemera, Junk Journal Cards, Journal Supplies, Junk Journal Materials, Paper Crafting Supplies",1.08,0,3,0,6,0,0,0
"Merry Christmas SVG PNG PDF, Christmas Shirt Svg, Christmas Gift, Christmas Tree svg, Christmas Svg, Christmas Jumper Svg, Winter Svg",1.99,3,3,0,6,0,0,0
GROSGRAIN RIBBON  5/8,1.19,4,5,0,5,0,0,0
"Green cute spider Halloween 30x22mm resin flat back, embellishment for DIY bow & headbands, hair bow centers cabochon supplies",1,12,12,0,5,0,0,0
"Wooden beehive,  various sizes, for crafts , decoration, natural wood",1.72,0,3,0,4,0,0,0
"Scary jack svg, Smiling Jack svg, Nightmare Svg, Halloween Svg, Digital Download, Christmas svg, Scary face svg",0.99,0,3,0,4,0,0,0
25mm Wave Abalone Pattern Round Cabochon DIY Jewelry,1.54,10,203,0,4,0,0,0
Christmas Ornament E - Laser Cut Unfinished Wood Cutout Shapes - Always check sizes and measure,1.03,15,23,4,18,0,0,0
So Long Pre-k It's Been Fun Look Out Kindergarten Here I Come Svg Png| Pre k Graduation Svg| Funny 2023 Graduate Gift for Kids| Cricut Files,1.87,9,44,4,18,0,0,0
Bunny Saurus SVG | Easter Saurus Rex SVG | Bunny Saurus Rex SVG | Easter Dinosaur Svg | Saurus Rex Svg | Dinosaur Rex Svg | T-Rex Bunny Svg,1.72,40,57,4,17,0,0,0
"ANIME PEN TOPPERS, Anime Characters, Beaded Pen & Pencil Toppers, Unique, Beadable Pen, Beading Supplies, diy,",1.5,1,18,4,17,0,0,0
Miyuki 11/0 Delica - DB1783 - White Lined Capri Blue AB,1.12,12,19,4,19,0,0,0
Valentine's Day Hearts Themed Denim Jean Fabric Section,1.25,1,33,4,17,0,0,0
"High-quality Wax beads, 24 Colors wax beads for wax seal stamp, Wax beads sealing for wedding invitation, Wax sealing beads",1.7,1,16,4,15,0,0,0
Hand Washed Merino Wool Blend Felt 9,1.35,10,31,4,10,0,0,0
Great Britain 1971 Literary Anniversaries set of three mint stamps.  Ideal for collector of British stamps or for craft work.,1.79,10,14,4,10,0,0,0
"1mm Linhasita Waxed Polyester Cord, Forest Green Macrame, Knotting String, Kumihimo, Leatherworking, Beading Thread, Friendship Bracelet",1.94,0,17,4,7,0,0,0
Unfinished Wooden Lips Kiss Shape - Craft - up to 36,0.34,4,20,4,7,0,0,0
"Mothers Day digital stamps, Cute bear digital stamps, Mom digital stamps, Mum digital stamps, Mothers Day Clipart, Commercial Use (S48)",1.28,1,23,4,9,0,0,0
Burlap Bow with Wooden Love Heart for Crafts - Wedding Home Decor Shabby Chic Rustic Party Occasion Bows - Gift Wrapping,1.68,1,16,4,10,0,0,0
"MEGA BUNDLE SVG, Bundle Big ClipArt, T Shirt Designs Svg, Animal Svg, Instant Download, Plants Svg, Digital Download, Tree Svg Sunflower",1.96,11,41,4,10,0,0,0
Messy Circle With Hearts,0.9,1,30,4,15,0,0,0
"Green Christmas Trees DTF Transfer  Ready For Press, Hot Peel, Direct To Film, Christmas Design For Shirts",1.25,12,17,4,11,0,0,0
Golf Player Shoe Charm,1.91,1,16,4,12,0,0,0
Christmas Ornament D - Laser Cut Unfinished Wood Cutout Shapes - Always check sizes and measure,1.1,15,23,4,12,0,0,0
"7mm silver beads, silver heart beads acrylic jewelry beads, beads with silver hearts, bracelet beads, jewelry beads 100 beads per pack",1.8,1,27,4,15,0,0,0
"Handwritten Planner Font SVG, Font SVG For Cricut, Font SVG Bold, Cricut Fonts",1.95,1,39,4,13,0,0,0
"Cross svg, Distressed cross svg, Brush stroke cross svg, Cross svg files, Cross bundle svg, Cross dxf, Grunge cross svg, Cross cut files",1.99,2,15,4,13,0,0,0
GERANIUM 7036 Gentle Art GAST 6-strand embroidery floss    hand overdyed cross stitchThe Cottage Needle,1.95,11,17,4,12,0,0,0
Christmas Candy Cane Buttons Round Sew Thru Flat Back  - 600,1.59,10,19,4,13,0,0,0
Unfinished Wooden Penguin Shape - Craft - up to 36' DIY,0.45,3,24,5,12,0,0,0
SINGLE SAMPLE Wax Seal - Self Adhesive Wax Seal Sticker for Envelope - Wedding Invitation Detail - Flat Lay Detail for Event Photography,1,1,23,5,4,0,0,0
Gold O Jump Rings Set of 5,0.72,0,26,5,5,0,0,0
Raw Natural Wood Rabbit Clip for Pacifier Clip,1.94,43,61,5,5,0,0,0
Unfinished Wooden Coffee Mug Shape | Tea Mug Cut Out | Craft Supplies | Crafting Blanks,0.35,3,21,5,7,0,0,0
"Frozen svg, Frozen silhouette, Frozen Clipart, Frozen cut file, Frozen bundle, Frozen characters, Princess svg, Anna svg, Olaf svg ,Elsa svg",1.17,45,64,5,15,0,0,0
100 Days of Kindergarten Svg Png| Funny Teacher & Students Gift| 100th Day of School| Got Me Feeling Cray Cray Svg| Layered Digital Files,1.49,50,55,5,7,0,0,0
Louisiana Laser Cut Out Wood Shape Craft Supply - Woodcraft Cutout,1.14,4,32,5,9,0,0,0
15 mm x 1 meter rubber band elastic band elastic folding elastic bias tape JGA hair ties hairties double flash flash M1225,1.71,54,54,5,9,0,0,0
"Army 75th Ranger Regiment Unit Crest bLack -Clip Art leopard  -  Cricut, Silhouette sublimation  -  png - Shield, military, Arm",0.99,44,69,5,10,0,0,0
Round Smooth Jewels- German Made- Trans Amethyst- Multiple Sizes- Stained Glass and Lead,1.47,1,30,5,13,0,0,0
Whimsical Halloween Junk Journal Pages Magical Halloween Junk Journal Kit Printable Journal Cards Halloween Junkjournal Kit Digital Download,1.6,3,30,5,13,0,0,0
Soccer Player svg | Soccer svg | Soccer Player Silhouette svg | European Football | instant download | commercial use,1,1,40,5,11,0,0,0
"Peace Out Fourth Grade SVG, Last Day of School Svg, End of School Svg, 4th Grade Graduation, Wavy Text, Digital Download Png, Dxf, Eps Files",1.2,14,51,5,19,0,0,0
"28mm Silicone Beige or Brown Highland Cow Focal Bead, Pacifier bead, Teething Necklace Bead, Food Grade Silicone",1.89,4,29,5,12,0,0,0
10 Yards Boucle Twine (Purple) Novelty Trim String Fibers Scrapbooks Mixed Media Journals Tags Art Yarn Crafts Collage Cards Embellishments,1.2,14,22,5,9,0,0,0
Casino Cards Acrylic Charms | Slot Machine | Four Aces | 777 | Player Charms | P69,1.89,1,19,5,15,0,0,0
"Pirate Treasure Map PNG SVG Download Cut File Pirate map Svg Silhouette Clipart Svg Vector, birthday party treasure printable print to cut",1,1,21,0,20,0,1,0
"10 Grams, 1mm - 4mm mixed Beads, Multi colored, Vintage Czech Glass Beads, Seed Beads,  Round Shape, Glass Sew On, Pony Beads, 100 beads",1.8,0,7,0,20,0,1,0
10 pcs Resin Embellishment Druzy Cabochons Black - Stripes - 12mm,1.6,13,21,4,20,0,1,0
Star fabric button,0.86,1,22,4,20,0,1,0
"Mouse Halloween Cruise 2023 Green SVG, Family Trip Shirt Design, Digital Cut Files in svg dxf png jpg, Printable Clipart, Instant Download",1.88,4,53,5,20,0,1,0
Love for Damar SVG | Buffalo svg | Football SVG | Number 3 svg | Hamlin SVG,1.5,1,42,5,20,0,1,0
"High Quality 25mm X 20mm silver color box latch,small box hardware,jewelry boxes latch,gift boxes latches for wooden boxes making #LC0100",2,3,75,0,16,1,0,0
"Digital Camo Pattern in Forest Green, Grey & White Adhesive Vinyl or HTV Heat Transfer Vinyl for Shirts Crafts and More! Camouflage Print",2,0,2,0,0,1,0,0
Get well soon PDF Pattern only,2,0,1,0,0,1,0,0
Small Town Girl Brushstroke Tumbler Wrap PNG | Western PNG | Sublimation Tumbler,2,35,101,0,2,1,0,0
Snow Flake Perler Beads,2,0,0,0,2,1,0,0
4mm FLAT COTTON Cord - 5 Yards LIGHT Gray 4x1mm Wax Cotton Cord - Polished Strong Lightly Waxed Cotton - For Diy Wrap Beading Bracelets,2,44,44,0,3,1,0,0
100% Wool Felt - Blue Bonnet - 9,2,0,0,0,3,1,0,0
Ready To Press -  I run on Coffee and Christmas SUBLIMATION TRANSFER,2,0,0,0,4,1,0,0
"18mm Elastic Band， Sewing Elastic,Elastic webbing，Clothing accessories - 1 Yard",2,0,9,0,14,1,0,0
"Third grade svg, Rainbow School svg, Back to School svg, Teacher svg, 3rd grade svg cricut Cut file Digital download",2,0,4,0,7,1,0,0
Seamless Floral Tulips Tumbler Wrap Sublimation Designs - Skinny Tumbler 20oz Design - PNG - EmmePrintco,2,2,4,0,9,1,0,0
"ship faced, drinking,anchor",2,0,4,0,9,1,0,0
"Freedom Vibes PNG, 4th of July png, Summertime PNG, Sublimation Graphics, tumbler Graphic",2,53,116,0,13,1,0,0
ninja turtles logo ready to press heat transfer for shirts,2,0,5,0,13,1,0,0
Outdoor and Butterfly shoe charms,2,15,24,4,9,1,0,0
"roses, stamps, junk journal, vintage ephemera, paper, digital download",2,1,18,4,17,1,0,0
Bogo Free!  ITH Volleyball Snap Tab Embroidery Design | ITH Volleyball Key Fob Embroidery Design| Ith Volleyball Bag Tag Embroidery 4x4 5x7,2,1,24,4,20,1,1,0
