Favorite,Total Sale,Cost,Review,Image Title,Calculated Sales,Views,Cost_Group,Favorite_Group,Review_Group,Review_to_Sales_Conversion,Favorite_to_Sales_Conversion,Views_to_Sales_Conversion
13,0.0,1.39,0,All You Need Is Love Svg Love Svg  Retro Valentines Svg Valentine Shirt Svg Wedding Svg Be Mine Svg Valentines Day SVG Cricut Svg,38.2137,58,0,0,0,,0.0,0.0
7,10.0,1.5,10,Black and White Inter Miami CF Logo svg png dxf eps ai | Cut File for Cricut | Download for Cricut Silhouette Glowforge,32.115,122,0,0,1,1.0,1.4285714285714286,0.08196721311475409
7,10.0,1.5,10,Black and White Inter Miami CF Logo svg png dxf eps ai | Cut File for Cricut | Download for Cricut Silhouette Glowforge,32.115,122,0,0,1,1.0,1.4285714285714286,0.08196721311475409
18,8.0,1.85,12,Christmas Holiday Greeting Card and Envelope Candy Cane Fairy Coloring Page/Digi Stamp Fantasy Printable Download by Selina Fenech,40.4155,160,0,0,1,0.6666666666666666,0.4444444444444444,0.05
41,8.0,1.85,12,Thumbelina Fairy Tales Princesses and Fables Coloring Page/Digi Stamp Fantasy Printable Download by Selina Fenech,57.8955,247,0,1,1,0.6666666666666666,0.1951219512195122,0.032388663967611336
32,28.0,1.05,14,I'm Not Old I'm Vintage SVG - Birthday - PNG 300 dpi - Car Decal - SVG for shirt tumbler mug - Digital Download  - Funny Svg - Sublimation,46.62542,313,0,1,1,2.0,0.875,0.08945686900958466
127,120.0,1.75,15,"18"" - 20"" Baby Doll Clothes Simplicity 9508 Vintage Pattern Instant Download",97.4325,2257,0,1,1,8.0,0.9448818897637795,0.05316792202038104
2,0.0,2.0,0,Persian Cat Watercolor Clipart - 20 High Quality JPGs - Card Making Digital Paper Craft Commercial Use - Digital Download,29.75,34,1,0,0,,0.0,0.0
3,12.0,2.0,8,My Day Grinch Svg My Day Grinch Png Grinch Schedule Svg Im Booked Svg Cricut File Cut Files For Crafters T-shirt Design Png Dxf Eps,28.99608,104,1,0,1,1.5,4.0,0.11538461538461539
5,20.0,3.5,10,Ma Mama Mom Bruh Mommy And Me Funny Svg Happy Mother Day Mother's Day Svg Mommy Svg Mom Life Svg Motherhood Svg,28.735,95,1,0,1,2.0,4.0,0.21052631578947367
27,0.0,3.29,0,German Happy New Year 2024 Plotter File Svg Dxf Png Jpg Pdf Fireworks Cricut Silvester Party Silhouette Clipart Cute Vinyl Laser Cut File,48.5307,548,1,1,0,,0.0,0.0
24,17.0,3.32,5,Love Is All You Need SVG Valentine's Day Cut File Mirror Words Design Retro Stacked Quote Women's Saying dxf eps png Silhouette Cricut,44.72104,131,1,1,0,3.4,0.7083333333333334,0.1297709923664122
31,51.0,3.32,5,Dad svg cut file Father the man the myth the legend Father's Day Svg Dad Svg Dad Shirt Gift for Dad Dad Life Instant Download,46.99192,176,1,1,0,10.2,1.6451612903225807,0.2897727272727273
41,45.0,2.51,11,Alice in Wonderland Clipart PNG Alice scrapbooking – Instant Download,51.7109,781,1,1,1,4.090909090909091,1.0975609756097562,0.05761843790012804
65,81.0,4.16,11,"Cute Vintage Style Party DressDress with pleats on the sleeves and growth pleats Valspierssews Doll Clothes Pattern Fits Popular 18"" Dolls",63.59648,1546,1,1,1,7.363636363636363,1.2461538461538462,0.052393272962483826
26,75.0,4.84,20,Flaschenöffner Schlüsselanhänger personalisiert,24.7072,1336,1,1,1,3.75,2.8846153846153846,0.0561377245508982
114,18.0,3.95,22,Alice In Wonderland Svg | Alice In Wonderland Png | Drink Me Wonderland Svg | White Rabbit Svg | Mushroom Alice In Wonderland Clipart,108.46458,716,1,1,2,0.8181818181818182,0.15789473684210525,0.025139664804469275
114,18.0,3.95,22,Alice In Wonderland Svg | Alice In Wonderland Png | Drink Me Wonderland Svg | White Rabbit Svg | Mushroom Alice In Wonderland Clipart,108.46458,716,1,1,2,0.8181818181818182,0.15789473684210525,0.025139664804469275
39,7.0,2.15,28,PDF Copy Vintage Patterns MC Calls 8552 Clothes for  Fashion Dolls 11 1\2 inches,54.80146,476,1,1,2,0.25,0.1794871794871795,0.014705882352941176
95,77.0,36.99,3,Custom Dog Christmas Ornament Gingerbread Dog Hand Personalized Christmas Ornament Dog Christmas Tree Ornaments Dog Ornaments Gingerbread,89.91714,593,2,1,0,25.666666666666668,0.8105263157894737,0.12984822934232715
98,176.0,19.98,18,Toddler Thanksgiving Shirt - Coolest Pumpkin in the Patch Thanksgiving Shirt - Fall Natural Infant Toddler & Youth Tee #5879,50.96476,2991,2,1,1,9.777777777777779,1.7959183673469388,0.05884319625543297
525,336.0,19.98,14,Kids Halloween Shirt - No Diggity Bout to Bag it Up Kids Retro TShirt - Halloween Retro Natural Infant Toddler Youth & Adult Tee #5847,352.6726,13613,2,3,1,24.0,0.64,0.024682288988466906
993,361.0,14.99,24,Disney Halloween  Princess  Shirts Disneyland Princess Halloween Shirts Disney Princess Tee Disney Halloween Women Sweatshirts Witchy Te,648.46018,27725,2,3,2,15.041666666666666,0.3635448136958711,0.013020739404869251
5914,3398.0,19.98,12,Funny Halloween Doormat Funny Doormat Halloween Door Mat Welcome Mat Funny Door Mat There's Some Horrors in This House,3863.86348,100255,2,6,1,283.1666666666667,0.5745688197497464,0.033893571392947984
