Product Title,Cost,7 Day Sale,Total Sale,Review,Favorite
Holly Jolly Christmas ||  Christmas PNG || Faux Sequin || Retro Design || Sublimation Design || Digital Download || PNG File || Vibrant,$6.00,337,366,12.0,444
"Simple Custom Embroidered Sweatshirt, Bride Last Name Sweatshirt, Custom Oversized Vintage Sweatshirt, Mama Grammy Sweatshirt, Gift for Mom",$31.50,296,307,16.0,334
"Limited Spider Man Vintage 90s T-Shirt, Gift For Woman and Man Unisex T-Shirt",$16.61,335,337,28.0,"1,110"
Lord Quas Shirt,$20.00,288,454,31.0,377
"Family Birthday Matching Shirt, Monsters Incs Birthday Shirt,  Monsters Incs Birthday Custom Shirt, Monsters University, Birthday Crew Shirt",$5.00,308,312,35.0,91
MARIGOLD DRESSES | mommy and me matching dresses for fall | mommy and me outfits | mommy and me outfits for thanksgiving| mommy and me dress,$25.99,310,502,38.0,608
"Our First Christmas Engaged 2023 Shirt, Christmas Couple Matching T-Shirt, Engaged Couple 2023 Tee, Christmas Engagement Announcement",$7.87,298,338,39.0,246
"5 Seconds Of Summer Music Shirt, V1 Y2K Merch Vintage The Show 2023 Tour 5 Seconds Of Summer Sweatshirt 5SOS 2023 Gift",$21.75,322,323,40.0,516
Customised Christmas Sweater | Your Own Image and Text | Funny Xmas | Personalised and Original,$46.13,324,325,45.0,93
"AnaKen Skywalker Shirt, Funny AnaKen Shirt, Kenobi Shirt, Obiwan, Skywalker Lover",$13.90,298,326,45.0,"1,049"
"Custom Team Sweatshirts,Football Game Day Puff Sweatshirt,Custom mascot sweatshirt,Football Sweatshirt,Personalized School Shirt,Cheer",$38.99,292,294,45.0,266
Baby Body New to the Crew short-sleeved personalized with name | announce pregnancy | babies | birth | baby gift | birth gift,$15.71,317,318,46.0,458
"Astarion Bulders Shirt, Astarion High Elf Shirt, Astarion Merch Shirt, Astarion Rogue Sweatshirt, Astarion Girl Dinner Hoodie",$18.69,312,404,47.0,751
Mens The North Face Printed big logo short sleeve T-shirts,$11.19,299,301,47.0,181
"Baldurs Gate 3 Adventure Awaits Sweatshirt, Astarion High Elf Shirt, Astarion Bulders, Video Game Shirt, Gift For Gamers, Astarion BG3 Shirt",$7.64,330,378,49.0,"1,117"
This is My Dog Walking Hoodie Unisex Hoodie Hooded top,$21.07,303,305,49.0,131
"Embroidered lingerie set,Floral lingerie set,Mesh bra,Garter belt,Embroidery lingerie,Floral mesh lingerie,Floral bralette,Lingerie flower",$29.00,289,290,49.0,"2,877"
"Swiftie Vintage 90s Style Shirt, The Eras Tour 2023 T-Shirt, Gift For Fan, TS Swiftie Concert Outfit Ideas, Music Country Tees",$11.59,552,"1,051",51.0,"2,587"
Yoga Harem Pants Women Men Baggy Pants 2 big pockets,$35.90,292,293,53.0,"1,751"
"Comfort Colors Halloween Shirt, No You Hang Up Shirt, Halloween Gift, Ghostface,Funny Valentine Shirt, Funny Ghostface Shirt,Halloween Shirt",$23.24,286,287,57.0,386
"Basgiath War College Sweatshirt, Bookish Sweatshirt,Fourth Wing Sweatshirt,Dragon Rider Hoodie,Rebecca Yoros Hoodie,Fourth Wing, Book Hoodie",$28.98,303,364,58.0,806
"Harry Potter Shirt, Avada Kedavra Vacation Shirt, Harry Potter Hoodie, Wizard School Shirt, Harry Potter Tee, Trendy Shirt",$25.92,307,311,59.0,732
"Adult CUSTOMIZED UNISEX House Divided Shirt, Mens/Womens Rivalry Shirt, Team Sports, College, Football, Mens Womens Gift, Rivalries, Fan",$25.99,289,290,61.0,109
"I Am Your Baby and I Am Your Father - matching father baby gift set, baby boy and baby girl gift, dad and baby match, dad gift, gift",$21.01,338,603,62.0,592
"ON SALE Personalized Christmas Stockings, Glitter Names, Christmas Stocking with Glitter Name, Christmas Decor",$9.60,329,332,62.0,117
The Science of 20 Sided Dice DnD D20 T Shirt Meme Gift Funny Vintage Style Unisex Gamer Cult Movie Music Top Mens Womens Adult Tee R753,$13.38,295,296,63.0,950
"Custom Varsity Jacket - All-Season Light Weight, Adult Unisex Bomber jacket,Bomber,Varsity,Coat,Customized jacket,Wedding,Bride jacket,Team,",$94.99,289,291,63.0,"1,016"
"Boojee Out Here Lookin Like A Snack Shirt, Christmas Tree Cake Shirt, Christmas Cake Shirt, Christmas Sweatshirt, Christmas Crewneck",$7.99,306,382,64.0,424
"Personalized Embroidered Dad Est Hoodie, Custom Dad Hoodie With Kids Names, Embroidered Daddy Est Sweatshirt, New Dad EST Crewneck or Tee",$44.24,299,300,64.0,251
"Front And Back Custom Shirt, Custom Shirt, Inspired Shirt, Custom Shirt, Inspired Text, Custom Text Shirt, Front and Back Personalized Shirt",$14.57,333,390,65.0,148
Disney Mickey Mouse Shirt/ Boys Mickey Mouse Shirt / Disney Trip Shirt / Applique Disney Shirt / Toddler Mickey Mouse Shirt / Kids Mouse Tee,$22.00,302,303,66.0,519
Custom Mario Birthday Shirt | Personalize Super Mario Family Shirts | Custom Super Mario Shirt| Super Mario Family Tee | Mario Custom Design,$9.36,338,339,67.0,146
"100% Cotton kimono Robes, Pure cotton Kimono, Block Print Cotton Kimono, Festival Clothing, Kimono Kaftan, Oriental Robe, Women's robes # 06",$25.07,335,337,67.0,"1,289"
"Murder Shows Socks, True Crime Socks, Crime Show Socks, True Crime, Funny Socks",$11.00,328,329,67.0,464
"Out Here Lookin Like A Snack Shirt,Christmas Tree Cake Shirt,Christmas Sweatshirt,Christmas Crewneck,Holiday Sweater Funny Christmas Shirt",$8.80,285,356,68.0,477
"Linen Dress, Deep V neck Linen party Dress, Linen midi dress, button front dress, Womens Linen dress, Customized Linen dress, Ylistyle C2914",$66.75,291,293,69.0,"11,039"
"Christmas Vacation Shirt, Christmas Party T Shirt, Matching Family Christmas Shirt, You Serious Clark Tee, National Lampoons",$7.20,297,300,70.0,239
"AC/DC - Blow Up - Unisex Vintage Tee (ACD0278-798PBK) classic rock, hells bells, acdc, back in black, rock music, thunderstruck, rock",$33.60,312,313,71.0,"2,875"
"White Christmas Movie Shirt, Christmas Holiday Shirt, White Christmas Movie 1954 Shirt, Christmas Shirt, Wallace And Davis, Haynes Sisters",$6.99,392,659,72.0,311
Knitted Lounge Socks // Open Work Knit Lounge Socks,$24.00,309,312,73.0,934
Baphomet Long sleeve T shirt with Pentagram Sleeve prints Satanic witch satan longlseeve Goat sigil of baphomet,$21.44,310,311,74.0,"1,632"
New Royal Islamic Modern Elegant Dubai Moroccan caftan Arabic Party Wear Beach Kaftan Farasha Maxi Floor Length Takshita Wear Dresses,$57.22,304,306,76.0,"2,093"
Customize Festival Outfit Men Glitter Sequin Jacket Jumpsuit Carnival Costume No Closure Cabaret Blazer Drag King Elton John Tinsel Jackets,$78.00,301,302,76.0,"1,850"
"Custom Image Hoodie, Custom Photo Hoodie, Your Image Hoodie, Photo Portrait Hoodie, Custom Family Portrait, Bff Hoodie, Custom Picture Gifts",$13.99,329,336,81.0,233
Vintage TN Vols Sweatshirt,$20.00,309,318,81.0,647
"Walk trousers Outdoor trousers Wool trousers Buddel trousers available in 18 colors from 48 euros, knee and bottom wet protection size 74/80-170/176",$54.56,299,300,84.0,671
LESBIANS EAT WHAT!!?.... the terrified cat asks. T-Shirt - Hand-Screen Printed  Dyke Queer Cat Lover,$19.98,325,326,86.0,"2,898"
"Pooh Costume Shirt Hoodie Sweatshirt, Winnie The Pooh Shirt, Disney Winnie The Pooh Shirt, Disney matching Shirt, Disney Pooh Family Shirt",$9.40,320,321,87.0,562
"Unisex Cotton Pant with Spiral Prints, Harem Pants, Yoga Pants, Hippie Clothes, Aladdin Pants, Boho Pants, Organic Cotton Pants",$38.25,295,296,87.0,"1,047"
"Matching Family Christmas Shirts, Family Christmas Shirts, Custom Christmas Shirt, Matching Christmas Family Shirts, Believe Shirt, Merry",$17.59,322,709,88.0,681
"Rock Climbing T Shirt, Bouldering Tee, Problem Solving, Sport Climber Gift, Present for Boulderer, Lead Climb Tshirt, Vintage Mountaineering",$22.71,297,299,90.0,834
Personalized Embroidered Pet Crewneck| Custom Portrait Pet from photo Hoodie | Embroidered Pet Sweatshirt | Cat Mom Gift | Dog Lover Gift,$70.73,293,298,90.0,550
Mrs clause but married| couples Christmas shirts | funny Christmas shirts| bleached Mrs clause| bleached | bleached holiday shirts,$24.00,293,295,90.0,264
"Custom Bootleg Rap Tee, Vintage Custom Funny Rap Shirt, Custom Photo Vintage T Shirts, Insert Your Design, Custom Girlfriend Shirt",$24.09,424,806,91.0,"2,405"
Jinx Cat Band Vtg Black Men Black Tee Shirt Size S- 5XL Unisex Best Gift Birthday - Trendy Tshirt - Gift For Men,$17.28,299,591,91.0,"2,713"
"Christmas Matching Family Shirt,Most Likely To Christmas Shirt,Christmas Family Pajamas,Custom Christmas,Christmas Gift,Christmas Sweatshirt",$8.56,"1,161","1,584",93.0,404
"Best wishes, Family Funny Christmas 2022 Sweater,funny Moira,Rose, David,Apothecary Creek,matching holiday shirts,pajama shirts",$25.79,306,307,93.0,"1,333"
Women's Elastic Waist Stretch Bodycon Midi Knee Length Pencil Skirt,$18.98,334,335,98.0,737
Personalized Superhero Name Shirt - Custom Boy Tee - Custom Girl Tee- Superhero Birthday Shirt - Birthday Name Toddler Shirt,$21.99,334,335,99.0,343
Floral Embroidered Fall Sweatshirt Custom Autumn Crewneck w Pet Name on Sleeve Fall Sweatshirt for Dog Lover Fall Fur MAMA Sweatshirt,$33.22,323,325,99.0,"1,811"
"Cowhide Sweatshirt, Bleached sweatshirt, Sweatshirt, Black and Brown Cowhide, 50/50 Blend, Handmade, love cows, Trending",$25.00,316,320,103.0,940
The Marauders 70's Retro Harry Fandom Shirt Universal Shirt Bookish Shirt Sirius Black Peter Pettigrew James Potter Remus Lupin Prongs,$24.00,314,315,103.0,"2,181"
"O'Connell Tours Sweatshirt, The Mummy Sweatshirt, Brendan Fraser Shirt, Brendan Fraser, The Mummy 1999 , The Mummy, Movie Lover Gift",$38.26,314,315,110.0,"1,484"
What We Do In The Shadows Shirt  | And It Was Petyr  | What We Do In The Shadows T-Shirt | Hand Screen Printed  | Available in Plus Sizes,$24.00,317,428,111.0,"1,128"
Jack Burton Fu Manchu Tank Top | As Seen in Big Trouble in Little China,$25.95,291,625,111.0,412
"Personalized Grandma Sweatshirt, Custom Granny and Grandkids Names Sweater, Grandmother Crewneck, Gift for Grandmas Birthday With Grandchild",$36.74,843,"1,171",120.0,"1,009"
"NEW Lace Top 80 Denier Sheer Hold-Ups Stockings by Sentelegri ,9 Various Colours- Sizes S-XL",$7.24,320,854,121.0,"1,168"
"Mrs Claus gingerbread bakery Embroidered X-mas Crew neck Sweatshirt, Christmas Sweater, Embroidery North Pole Christmas Sweatshirt",$33.75,322,323,122.0,"2,563"
BTS Agust D Suga Yoongi World Tour Shirt,$17.98,283,284,123.0,530
"Patrol Family Birthday Shirt, Mom Patrol Shirt, Dad Patrol Shirt, Personalized Birthday Family Matching Shirt, Custom Birthday Patrol Tshirt",$16.23,314,851,124.0,292
Long Sleeved Faux Fur Bolero / Shrug / Jacket / Shawl / Wrap / Weddings Satin Lining - UK 4-24 / US 1-20 Colours available : Black or Ivory,$59.29,303,"1,138",124.0,740
"Most Likely To Christmas Shirt, Most Likely Shirt, Group Shirt, Christmas Matching Shirt, Christmas Funny Tee, Christmas Pajamas, Christmas",$8.99,324,992,125.0,244
"Sleep Mask, Bachelorette Party Favors, Personalized Bridesmaid Gift, Custom Eye Mask, Sleeping Mask With Your Name, Sleep Mask for Women",$1.99,296,"1,044",126.0,240
"Cowboy Christmas Sweater, Giddy Up Jingle Horse Pick Up Your Feet, Howdy Country Christmas Horse, Cowgirl Shirt, Christmas Sweatshirt",$5.94,421,810,127.0,"1,911"
"Dinosaur Family Shirts, Saurus Shirts, Family Party Shirts, Dinosaur Birthday Shirt, Baby Dinosaur, Custom Dino Party Matching Shirts",$11.59,288,"1,064",127.0,545
"Malibu Crewneck, Trendy Crewneck, Oversized Crewneck, Gift for Her, Aesthetic Sweatshirt",$46.99,316,633,128.0,"2,558"
Custom Vintage Hip Hop Vintage Pet Tee - Personalized with Your Own Dog or Cat Portrait - Makes the perfect PET GIFT,$13.99,321,325,131.0,"1,136"
"Custom Breast Cancer Support Team Shirts, Personalized Breast Cancer Shirt, Pink Ribbon Tee, Warrior Shirt, Family Matching Cancer Shirts",$10.00,290,477,132.0,98
"In My Cat Mom Era Sweatshirt, Custom Cat Shirt, Cat Mom Sweatshirt, Cat Lover Gift, Cat Mom Gift, Crazy Cat Lady, Cat Mama Shirt",$23.53,501,"1,276",134.0,"2,119"
"I'm Just Here For The Mash Potatoes Shirt, Funny Thanksgiving Shirt, ThanksGiving Sweatshirt, Funny Fall Shirt, Thanksgiving Dinner Matching",$8.49,315,979,136.0,725
"Grinch Christmas Sweatshirt, Grinch Sweatshirt, Christmas Sweatshirt, Grinch Sweatshirt, Christmas Vibe, Funny Grinch Shirt",$24.50,430,"1,006",138.0,"1,173"
"Custom Disney Christmas Shirt, Custom Name Disney Christmas Squad, Disney Christmas Shirt, Custom Christmas Shirt, Disney World Shirt",$5.99,327,"1,195",141.0,616
Cars Birthday Family shirt Cars Birthday Shirt For Boy Disney Cars Birthday shirt Custom Cars shirt Cars family Shirt Cars Party Cars theme,$12.32,332,"1,096",151.0,506
"Front and Back Your Custom Design T-Shirt, Personalized Shirt, Custom Couple Shirts, Your Own Message Slogan Logo T-Shirt, Company Shirt",$9.65,302,683,151.0,285
Bride Shirt | Bride To Be Gift | Bridal Party Shirts | Bachelorette Party Tee | Ring Finger Shirt | Bridal Gift | Bride Gifts,$9.53,298,998,157.0,"1,240"
Unisex Custom Name Socks - Personalised Embroidered Name on Soft Cotton Crew Socks - Made to Order & Made in Britain - Made for Him and Her,$12.68,298,"1,110",163.0,620
"Custom Bootleg Rap Tee, Custom Photo - Vintage Graphic 90s Tshirt, Custom Photo Shirt, CUSTOM Your Own Bootleg Idea Here, Insert Your Design",$26.09,662,"1,419",165.0,"2,254"
"Vintage Custom Dog Shirt, Retro Collage Personalized Pet Shirt, 90's Custom Photo Vintage Graphic Tees, Insert Pet Design Personalized Gift",$19.88,500,"1,088",180.0,"3,153"
"Custom Face Socks Personalized Photo Socks, Picture Socks Customized Funny Photo Gift For Him, Her or Best Friends, Personalized Gift Father",$8.99,336,801,181.0,"1,217"
"Out Here Lookin Like A Snack Sweatshirt, Christmas Tree Cake Sweater, Boujee Christmas Shirt, Christmas Adult Crewneck Sweater",$7.99,304,699,182.0,"1,221"
"Floral Music Album Mug, Gift for her, Trendy Album Mug, Trendy Gift, Gift for music lovers",$14.00,534,"1,659",185.0,"1,821"
"Im With The Banned Sweatshirt, Banned Books Shirt, Reading Teacher Sweatshirt, Book Lover Gift, Bookish Tee, Librarian Gift, School Sweater",$20.75,"1,045","1,578",189.0,"3,039"
"Children's Embroidered Sweatshirt, Kids Embroidered Sweatshirt, Embroidered Crewneck Sweatshirt, Personalized Toddler Shirt, Kids custom tee",$37.00,287,"1,058",189.0,"1,704"
Christmas Red & White Striped Family Pajama Sets Kids and Adult,$15.00,286,"1,565",191.0,635
"Albums As Books Sweatshirt, Trendy Aesthetic For Book Lovers, Crewneck Sweater, Folk Music Hoodie, Country Music Hoodie, RACK Music Sweater",$24.99,"1,065","1,746",194.0,"1,405"
"Custom Family Graduation Shirts, Senior 2024 Family Matching T Shirt, Class of 2024 Family Graduation Shirts, High School Grad Crew Shirt",$8.40,298,"1,038",204.0,327
"Velaris Sweatshirt, The Night Court Hoodie, Night Court Symbol Sweatshirt, A Court Of Thorns And Roses Court,  Acotar Sweatshirt",$12.60,896,"2,555",211.0,"1,805"
Customize Your Own Ladies  Football Jersey with Your Name and Team Number Personalized & Customized Ladies Jersey Name and Number,$23.99,326,"2,129",211.0,561
"Custom pajama pants for women men,Matching dog Bandana with face,Custom Face Pajama pants with face,Couple Pajama Pants,Best Christmas gift",$17.98,288,"1,105",220.0,468
"Vintage Basgiath War College 2 Sided Comfort Color Shirt, Fourth Wing Sweatshirt, Dragon Rider Shirt, Violet Sorrengail, Xaden Riorson.",$26.99,326,908,227.0,"3,108"
"UPS Sweatshirts, Hooded, Crewneck Zippered United Parcel Service Free Domestic Shipping",$24.99,331,"1,849",234.0,388
"Custom Mama Sweatshirt with Kid Name on Sleeve, Personalized Mom Sweatshirt, Gift Momma Sweatshirt, Christmas Gift for Mom, Gift for Her",$12.60,"1,278","1,653",240.0,"1,554"
"Cosy Socks, Cozy Sock, Winter Socks, Slipper Sock Gifts, Stocking Fillers, Socks, Festive Socks, Festive, Fluffy Socks, Easter Idea",$8.38,317,"1,527",245.0,"1,153"
"Cool Aunts Club Sweatshirt and Hoodie, Aunt Valentines Day Gift, Cool Aunt Sweatshirt, Aunt Birthday Gift, Gift for Auntie,Auntie Sweatshirt",$19.94,322,"1,291",246.0,"2,689"
"Go Taylor's Boyfriend Sweatshirt, Travis Kelce Sweatshirt, Game Day Sweater, Funny Football Sweatshirt, Football Fan Gift Shirt",$7.64,690,"2,076",248.0,"1,800"
"Christmas Taylor Sweatshirt, Swiftie Christmas Gift, Taylor Holiday Sweater, Christmas Lights, Christmas Tree, The Eras Tour Shirt",$6.50,519,"1,926",249.0,"1,882"
"Personalized Gifts Custom Socks Face Socks, Birthday Gifts for Him, Personalized Socks, Gifts for Men, Funny Gift Idea with Photo",$4.97,310,"1,279",260.0,792
Nakatomi Plaza Party 1988 Christmas Jumper Sweater Sweatshirt Xmas Funny 80's Die Movie Bruce,$34.19,409,"1,786",261.0,"2,260"
"Merry and Bright Sweatshirt, Christmas Sweatshirt, Family Christmas Sweatshirt, Christmas Sweatshirts for Women, Merry Christmas Sweatshirt",$9.21,474,"1,105",266.0,"1,755"
"Comfort Colors® Vintage Halloweentown 1998 Shirt, 2 Side Halloweentown University Shirt, Fall Shirt, Halloweentown Shirt, Halloween Shirt",$12.59,318,"1,781",268.0,"4,250"
"Grandma's Garden Sweatshirt, Custom Birthflower Sweatshirt, Gift for Grandma, Love Grows Here, Mom's Garden",$22.40,481,"1,215",285.0,"1,089"
"Sage Sleep shirt, Button Down Shirt, Dress Shirt, Bridesmaid Pajamas, Oversized Shirt, Bridesmaid Proposal, Bachelorette Party Gifts",$19.98,298,"2,413",286.0,"1,810"
"Merry Christmas Sweatshirt, Christmas Shirts, Cute Winter Sweater, Christmas Shirt for Women, Christmas Crewneck Sweatshirt, Holiday Sweater",$13.49,714,"1,440",296.0,"2,225"
"Christmas Ginger Cookies Shirt, Mickey Minnie Disney Ears Christmas Shirts, Christmas Disneyworld Shirts Family, Disney Christmas Sweatshirt",$10.49,300,"1,902",296.0,"1,927"
"Ew People Shirt, Grinch Sweatshirt, Grinchmas Sweatshirt, Christmas Grinch Shirt, Christmas Funny Grinch Sweatshirt, Grinch Shirt",$6.99,"1,326","3,040",304.0,"3,017"
"Custom Face socks with Text, Personalized photo Socks, Funny Pet Socks, Custom Photo Socks, Photo Socks, Faces on socks, Picture socks",$13.99,286,"1,538",306.0,526
"Toy Story Shirt, Disney Family Shirt, Buzz Lightyear Shirt, Sheriff Woody Shirt, Disneyworld Trip Shirt, Toy Story Party Shirt",$6.75,318,"1,756",320.0,"1,130"
"Ready to Ship,Princess Moana Outfit,Moana baby costume,Moana baby,Moana toddler,Moana outfit,necklace, flower",$25.00,313,"2,928",320.0,"3,732"
"Puff Print Custom Team Name Sweatshirt, scool Mascot Sweatshirt shirt,  Gift for Mom, Christmas Gift Idea, Embossed School Spirit Sweatshirt",$24.50,313,"2,926",325.0,"5,138"
"That's I'm not going Sweatshirt, Funny Grinch TShirt, Grinch Shirt, Grinch Sweatshirt, Christmas Shirt,Christmas Sweatshirt Christmas TShirt",$10.19,657,"1,709",329.0,"2,698"
"50th Birthday Gift For Men | 50th Birthday Decorations For Men -1973 Vintage tshirt For Men - 50th Gifts Ideas For Him, 1973 Birthday Shirt",$28.00,329,"2,249",354.0,"1,017"
"Custom Embroidered Mama Sweatshirt with Kids Name on Sleeve, Personalized Mom Sweatshirt, Minimalist Momma Sweater, Christmas Gift for Mom",$44.45,457,"2,174",362.0,"2,459"
"GINGHAM BUBBLE Fully LINED pants -6m, 9m, 12m, 18m, 2t, 3t, 4t, 5t Red, Navy, Light Khaki, Light Gray, Kelly Green + more!",$16.00,303,"1,788",371.0,718
"My Day I'm Booked Sweatshirt, The Grinch Christmas Schedule Sweatshirt, Womens Christmas Sweatshirt, Grinchmas Shirts, Christmas Graphic Tee",$27.72,446,"1,825",377.0,"4,189"
"Custom Grandma Long Sleeve, Grandma Heart Long Sleeve, Grandkids Name Shirt, Gift For Nana, Grammy Long Sleeve",$16.73,291,"2,175",414.0,"1,076"
"Beautiful “Chanelito” dress & Authentically Hand Embroidered by experienced Artisans from  Puebla Mexico, Sizes: 0 months old - 12 years old",$17.98,300,"2,257",426.0,"2,790"
"Custom Pet Pajama Pants,Personalized Pants Pajamas,Custom Pj Pants,Photo Pajama,Dog Pajamas,Christmas/Anniversary Photo Gift For Her Him",$11.92,761,"2,344",431.0,"1,460"
Unisex Get Your Tits Out Socks | Gift | 1 Pair | Cotton Rich Socks | Premium Socks | Novelty | Gifts,$10.53,310,"2,499",485.0,"2,291"
"OFMD Pink Bird Velvet Banyan Fabric Kimono Cotton Velvet Robe Long,  Original OFMD break up robe Printed Kimono With Tassels",$119.00,289,"2,518",507.0,"5,102"
"Family Christmas Name Shirt, Monogrammed Family Christmas Shirt, Personalized Christmas Family T-Shirt, Custom Christmas Shirt With Name,",$8.99,924,"5,047",545.0,"1,515"
"Roman Numeral Embroidered Matching Hoodie, Custom Anniversary Date Couple Hoodies, Custom Initials With Heart Sleeve Jumper, Boyfriend Gift",$28.98,313,"2,843",545.0,"4,069"
"Matching Family Christmas Shirts, North Pole Correctional, Funny Group Christmas Tshirts, Holiday Tshirts, Xmas Festive Mom Dad Kids Tees",$19.35,397,"3,772",579.0,"2,960"
"It's Fine I'm Fine Everything Is Fine Shirt, I'm Fine Shirt, Cat Shirt, Motivational Shirt, Positivity Shirt, Introvert Shirt, Mental Shirt",$8.09,337,"2,144",605.0,"2,590"
"Fourth Wing Sweatshirt, Basgiath War College, Dragon Rider, Violet Sorrengail, Xaden Riorson, Riders Quadrant, Fantasy reader, Bookish Shirt",$15.20,683,"3,655",618.0,"4,053"
Custom Pet Sweater Using Pet Photo + Name Custom Dog Portrait Sweater Personalized Dog Pullover Dog Sweatshirt Dog Mom Gift Custom Cat Shirt,$10.86,446,"2,863",625.0,"4,667"
"Stocking filler for husband, Christmas gift for husband,  mans christmas gifts, Christmas gift for hubby, Personalised boxers ©",$11.81,463,"3,568",632.0,"6,946"
"CUSTOM YOUR PET Shirt, Personalized Pet Gift, Pet Personalization Shirt, Insert Design, Personalized, Customized Shirt, Change Your Design",$30.19,594,"2,880",659.0,"5,466"
"Personalized Wifey Sweatshirt, Wedding Gift, Gift for Bride, New Wife Sweatshirt, Unique Bridal Shower Gift, Newlywed Honeymoon Present",$23.97,323,"3,646",675.0,"7,255"
"Personalized Grandma Est Sweatshirt, Mothers Day Gift, Gift for Grandmother, Nana Sweatshirt, Tante Sweatshirt, Tia Sweatshirt, Mommy Shirt",$21.66,309,"3,034",677.0,"2,581"
"Custom Embroidered Sweatshirt, Name On Sleeve With Heart, Grandpa Shirt With Date, Daddy Est Year Shirt, Gift For New Dad, Father's Day Gift",$34.40,624,"2,898",679.0,"4,962"
"Custom Comfort Colors Dog Shirt, Retro Collage Shirt, Custom Pet Shirt, Retro 90's Custom Shirt, Women's Custom T, Men's Custom T, Christmas",$34.99,503,"2,581",703.0,"4,778"
"Bachelorette Party Shirts, Most Likely To Shirt , Bridal Party Shirt, Wine Bachelorette Shirts, Funny Most Likely To Bachelorette Tshirts",$11.99,301,"9,243",706.0,"3,703"
"The One Where It's Thanksgiving Shirt, Friends Turkey Thanksgiving Shirt, Friends Turkey Shirt, Funny Thanksgiving Sweatshirt, Friendsgiving",$11.99,704,"3,043",724.0,"1,976"
"Custom Grandma Sweatshirt, Grandma Heart Sweat, Grandkids Name Shirt, Gift For Grandma, Nana Crewneck",$35.00,295,"4,054",730.0,"1,996"
"It's a Beaut Clark Sweatshirt, Griswold Christmas Sweatshirt, Funny Christmas Shirt, Christmas Vacation Shirt, Christmas Crewneck, Xmas Tee",$8.00,888,"4,550",734.0,"5,587"
"Custom Mama Sweatshirt with Date and Children Name on Sleeve, Mama Sweatshirt, Minimalist  Mama, Ollie and Penny, Gift for Mom, blanch",$19.98,440,"4,359",740.0,"4,883"
"Wedding Bridal Denim Jacket, Bride Denim jacket with pearls, Mrs Custom Jean Jacket, Date under the collar jacket, Personalized jacket-autum",$24.99,295,"4,378",750.0,"5,680"
"I'm Here For The Snacks, I am Here For The Drinks, Family Shirt, Disney Food Beer Shirts, Disneyland Shirts, Disneyworld Vacation T-shirt",$8.99,298,"4,246",757.0,"3,719"
"Baby Gown,Personalized Newborn Gown,Baby Shower Gift,Knotted Gown,Coming Home Set,Hospital Baby Outfit,Baby Sleeper,Newborn Set with Name",$11.34,290,"4,684",776.0,"7,265"
"Mama Sweatshirt, Mama Est Sweatshirt, Mothers Day Gift, Cool Mom, First Mothers Day Gift, Personalized Gift, Mom Life Shirt, New Mom Gift",$25.50,287,"4,378",801.0,"6,451"
Custom Text Design Sweatshirt | Personalized Writing Saying Sweatshirt| Custom Logo Personalized Sweatshirt | Matching Family Sweatshirts,$6.99,301,"4,254",812.0,"1,687"
"Custom Mama Sweatshirt with Kid Name on Sleeve, Personalized Mom Sweatshirt, Gift Momma Sweatshirt, Christmas Gift for Mom, Gift for Her",$12.60,"2,077","7,162",847.0,"4,334"
"Custom Embroidered Roman Numerals Sweatshirt for couples, Add your Initial on the Sleeve, Anniversary, Valentines Day and Christmas Gift",$32.95,458,"4,753",849.0,"2,794"
"Custom Dog Sweatshirt, Personalized Dog Ears Sweatshirt with Name, Custom Dog Mom Sweatshirt, Dog Dad Gift for Pet Gift for Him, Pet Lovers",$25.99,914,"3,784",923.0,"5,854"
Wifey Sweatshirt-Wife Sweatshirt-Future Mrs Sweatshirt-Gift for Her-Bride Sweatshirt-Embroidered Sweatshirt-Custom Embroidered Sweatshirt,$29.00,"1,263","4,597",942.0,"5,896"
"Bend Over and I'll Show You Christmas Couple Matching T-Shirt, Christmas Vacation Shirt, Griswold Family Shirt, Cute Christmas Tree T-Shirt",$6.75,621,"3,853",980.0,"5,998"
Custom Embroider Personalized Polo Shirt - Sport-Tek LST550 PosiCharge Competitor Performance Polo - Max 4in by 4in Embroidery Logo,$20.00,"4,895","4,899",1219.0,"1,407"
"Personalized Mama Sweatshirt with Kid Names on Sleeve, Mothers Day Gift, Birthday Gift for Mom, New Mom Gift, Minimalist Cool Mom Sweater",$23.97,"1,957","7,928",1466.0,"19,808"
"Custom Dog Photo Pajamas,Personalized Pajamas Pants with Photo,Pet Pajamas,Men Pajama bottoms,Dad Gifts,Pajama pants for Women,Pajama Party",$14.40,"1,208","9,004",1696.0,"4,055"
"Custom Mama Sweatshirt with Kid Name on Sleeve, Personalized Mom Sweatshirt, Minimalist Momma Sweater, Christmas Gift for Mom, Gift for Her",$6.50,"2,208","10,510",1935.0,"8,860"
Funny Shirt for Men | Awesome Like My Daughter | Fathers Dad Gift - Gift from Daughter to Dad - Husband Gift - Funny Dad Shirt,$14.32,414,"10,682",1968.0,"9,619"
"Custom Mrs. Embroidered Sweatshirt, Date On Sleeve, Name On Neckline, Wife Shirt, Future Mrs Hoodie, Engagement Gift, Bride To Be",$29.90,325,"9,752",2276.0,"15,655"
Nana Embroidered Sweatshirt Gift | Personalized Sweatshirt | Christmas Gift | Winter Apparel | Floral Nana Shirt |  Birthday Gift,$45.50,332,"9,777",2444.0,"17,246"
"Personalized Gift For Bride, Bride Sweatshirt, Initial Heart Sleeve, Engagement Gift, Unique Bridal Shower Gift, Future Mrs Sweatshirt",$23.97,308,"13,355",2616.0,"20,187"
"Matching Family Christmas Shirts, Family Christmas Shirt, Matching Xmas Tees, Custom Christmas Tee, KT186",$6.59,450,"24,910",2671.0,"4,571"
"Disney Castle Family Shirt, Disney Vacation Shirt, Retro Castle 2023, Disney Mickey Minnie Shirt, Disneyland Shirt, Magic Kingdom Shirt",$6.95,336,"16,665",2672.0,"11,659"
"I'm Just Resting My Eyes, I'm Not Sleeping, Socks, I'm Not Sleeping Socks",$11.19,448,"15,962",2819.0,"14,900"
"Custom Embroidered Roman Numeral Hoodie, Custom Date and Initial Hoodie, Anniversary Engagement Gifts, Embroidered Gift for Couple",$27.50,459,"11,650",2840.0,"10,038"
"Customized face Socks, Put Any Faces On socks, Custom Sock with text,, Funny faces on Socks, gift for dad/grandpa, Gift for Christmas",$5.99,"1,441","16,249",3651.0,"6,979"
"Custom Photo shirt, Custom Shirt, Custom Picture Tshirt, Birthday  photo Shirt, Holiday Gift, Family Picture Tee",$10.90,387,"16,502",3694.0,"4,974"
"Custom Shirt, Custom T-Shirt,Custom Photo Shirt,Personalized Shirt, Custom Printing T-Shirt,Make Your Own Shirt,Personalized Kids Shirt",$8.80,337,"18,069",3717.0,"4,104"
"Mama Embroidered Sweatshirt, Custom Mama Shirt With Kids Names, Heart On Sleeve, Pregnancy Reveal Hoodie Gift For New Mom, Mother's Day Gift",$29.90,299,"15,850",3935.0,"18,941"
"60 Quotes Most Likely And Custom Christmas Shirt, Christmas Funny Shirt, Family Shirt, Christmas Custom Shirt, Christmas Funny Tee, Group",$8.99,"2,100","20,703",4358.0,"7,474"
"Custom Dog Ears Sweatshirt, Dog Mom Sweatshirt, Dog Lover Sweatshirt, Dog People Sweatshirt, New Dog Owner Sweatshirt, Pet Lover Sweatshirt",$15.40,397,"20,536",5079.0,"31,817"
"Custom Pet Socks, Customized socks with any photos and text, personalized socks for Dog/cat Lovers, , custom gift for dad,Gift for Christmas",$11.98,"1,375","24,309",6042.0,"14,190"
"Custom Face Socks, Personalized Photo Socks, Picture Socks, Face on Socks, Customized Funny Photo Gift For Her, Him or Best Friends",$4.58,"1,290","23,761",6672.0,"25,115"
"Customized Dog Socks - Put Your Cute Dog on Custom Socks, Dog Lovers, Dog GIft, Dog Personalized, Dog Gift Socks,Fathers Day Gift,Graduation",$7.79,"1,043","30,068",6771.0,"28,343"
"Customized Dog Socks -- Put Your Cute Dog on Custom Socks, Dog Lovers, Dog GIft, Cute Dog Personalized, Dog Gift Socks, Fathers Day Gift",$9.09,"1,086","30,989",7366.0,"30,259"
"Custom Embroidered Roman Numeral Hoodie • Couples Gift • Personalized Date and Initial Hoodie • Engagements, Anniversaries, Bachelorette's",$29.99,743,"31,539",8459.0,"57,221"
"Custom Portrait from Photo Sweatshirt, Custom Couple Portrait, Couples Portrait, Personalized Gift, Custom Gifts, Family Portrait",$26.75,462,"36,749",10599.0,"45,157"
