Title,Cost,7 Day Sale,Total Sale,Review,Favorite
Mini Swift Shirt, Swift Definition Shirt, Swifty Mom and Daughter Shirt, Little Swifty Kids, Baby Youth Taylor Shirt, Swifty Toddler Shirt,$20.89,352,355,87,347
Custom Your Own Bootleg Tee, Retro Custom Bootleg Rap Tee, Custom Bootleg, Custom Your Photo, Insert Your Design, Vintage Graphic 90s Tshirt,$22.89,351,468,24,262
Grinch Face Sweatshirt, Christmas Shirt,  Dr. Seuss Outfit, Christmas Gifts, Grinchmas Graphic Tees, Xmas Womens Clothing, Holiday T Shirts,$31.20,350,356,61,499
Santa's Favorite Ho Shirt, Santa Shirt, Couples Christmas Shirts, Matching Christmas Shirts, Bestseller, Funny Couples Shirt, Gift,$15.37,349,359,82,639
Today I Will Eat Two Corndogs | Skeleton Corndog Meme | Hard Skeleton | Unisex Tee,$12.99,349,350,56,1,688
Personalized dog socks, Face on socks, Photo socks with dog face, Customized dog socks, Dog remembrance gift, Custom Dog Socks,$14.00,348,3,306,653,1,126
Comfort Colors® BM® Disney Castle Floral Shirt, Vintage Disney Shirt, Happiest Place on Earth Shirt , Magic Kingdom Shirt,$12.60,348,460,62,1,280
Personalized Grandma Sweatshirt with Grandkids Names on Sleeve, Custom Granny Sweater, Est Date Gramma Sweatshirt, Gift for Grandma,$50.99,348,1,014,178,393
Personalised Bridesmaid robes, Wedding Dressing Gown, foliage floral Bridal robe, Robes, Satin Wedding Robe, grey bridal Robe, bridal robe,$21.07,347,1,962,173,473
Long Live | Graphic Shirt | Merch, Swiftie, Lyrics, Concert, Dragons, Gift, Vintage, Unisex Tee, Speak Now,$26.95,347,348,116,2,063
Karma is the guy on the Chiefs T-Shirt and Sweatshirt Travis Kelce and Taylor Swift Era Kansas City Chiefs Era Karma Taylor and Travis Shirt,$8.49,347,383,76,864
Clint Eastwood style | Handmade Poncho - Serape | Dollars Trilogy | Alpaca Wool Poncho |Serape Cape For Men | Man Poncho,$135.00,347,348,91,1,070
Bleached Flannel Band Upcycled shirt, Customize, Sustainable Fashion, Reworked repurposed. Oversize Flannel,$59.77,346,347,126,1,379
We're Here, We're Queer and We're Going Shoplifting t-shirt,$18.39,346,1,363,166,4,662
Trudybefs black handmade star Embroidery cardigan, Reputation album Eras Tour Merch cardigan, Swiftie gift oversize folklore cardigan,$47.30,345,351,41,907
Floral Letter Embroidered Hoodie Flower Letter College University Crewneck Embroidery sweatshirt high school sweatshirt, Sorority Gift,$32.13,345,9,376,1,609,12,977
Matching Sister Shirts, Big Sister Toddler Shirt, Little Sister Bodysuit, Big Sister Announcement Shirts, Big Middle Little, New Sister Gift,$18.37,345,347,59,257
Custom Face Socks with Picture, Personalized Smiley Photo Socks, Funny Socks with face,Funny Sock gag Gifts for Men Women, Christmas present,$4.00,345,719,86,2,374
Limited Astarion Baldurs Gate 3 Girl Dinner Vintage T-Shirt, Gift For Women and Man Unisex T-Shirt,$19.03,343,1,921,408,4,149
Personalised Children’s fleece gilet with tractor design,$37.56,338,339,64,291
Silly Goose University Crewneck Sweatshirt,Unisex Silly Goose University Shirt,Funny Men's Sweatshirt,Funny Gift for Guys,Funny Goose Tshirt,$7.70,373,2,452,608,10,045
Custom Collar and Sleeve Embroidered Hoodie, Embroidered Mom mama Grandmother Hoodie with Kids Names Kids Names, Personalized Embroidered,$42.32,372,1,638,313,1,196
Indian quilted jacket Cotton Cote, Handmade Winter Wear Quilted Unisex Pure Cotton Reversible Kimono Robe Handmade Quilted Coat #,$42.99,367,368,70,3,131
Too Many Idiots Not Enough Axes Viking T-Shirt Valhalla Tee Shirt Norway Norse Mythology Viking Shirt Unisex Warrior,$15.75,365,3,283,630,4,407
In My Chiefs Era Shirt Travis Kelce Swift Shirt Football Chiefs Jersey Shirt Travis Kelce Football NFL Tshirt Taylor and Travis Sweatshirt,$24.99,364,917,137,1,152
Van Gogh Shirt Gifts Painting Collage Aesthetic Clothing Renaissance Shirts Dark Academia Art History Tee Artist Sunflower Floral painting,$28.04,364,365,76,2,593
Christmas Tree Shirt, Line Trees, Christmas Shirt, Tree Lover Shirt, Holiday Shirt, Women's Christmas Shirt, Christmas Shirts for Women,$39.50,364,366,67,425
Def tired graphic tee, coffee graphic tee, retro graphic tee, comfort colors, gift for her, trendy graphic tee,$30.00,361,364,102,1,001
Monogram Christmas Sweatshirt for baby toddler kids girls boys sibling matching pullover,$34.00,361,362,83,1,073
A Lot Going On At The Moment New Eras Womens T-shirt,$13.49,361,4,724,787,3,111
Y2K Aesthetic Strawberry Jam Sweater / 2023 Harajuku Style / Kawaii Aesthetic Pullover / Cottagecore & Retro Trendy Spring Sweatshirt,$42.88,360,363,102,3,903
Bloomers baby child wide cord light brown Gr. 68 - size 122,$19.10,359,360,69,515
Raccoon shirt, Funny Racoon Tee, Let's Do Crime, Joke shirt, Cute animal tee,$22.50,358,360,64,2,268
White Christmas Movie Comfort Colors Sweatshirt, Wallace and Davis Sweater, Haynes Sisters Crewneck, Christmas White Movie 1954 Sweatshirt,$22.74,358,846,222,1,276
Viking pants, Pirate Pants For Men, Medieval pants, Viking Cosplay Renaissance Gothic Pants, Renaissance pants, Men Trouser Plus Size,$38.00,356,357,73,1,279
Oh Honey I'm That Auntie Shirt, I’m That Aunt Shirt, Gift for Aunt, New Auntie, Auntie To Be Shirt, New Auntie Shirt, Promoted To Aunt,$11.99,356,357,108,678
Colorful knitted socks in flowing colors - warm socks,$14.58,356,3,115,643,1,142
Girls Shirt | Girls Sweatshirt - Friends Shirt - Girls Shirt,$28.50,356,5,416,939,8,904
CUSTOM Floral Embroidered Crewneck Sweatshirt, Hoodie or Shirt, College Sweatshirt, High School Hoodie, Gift for College Grad, Initial Crew,$23.25,355,357,107,511
Merry and Bright Sweatshirt, Christmas Sweatshirt, Family Christmas Sweatshirt, Christmas Sweatshirts for Women, Merry Christmas Sweatshirt,$13.99,354,1,692,371,2,500
Merry and Bright Sweatshirt, Christmas Sweatshirt, Family Christmas Sweatshirt, Christmas Sweatshirts for Women, Merry Christmas Sweatshirt,$9.21,474,1,105,266,1,755
Custom Dog Ears Sweatshirt, Dog Mom Sweatshirt, Dog Lover Sweatshirt, Dog People Sweatshirt, New Dog Owner Sweatshirt, Pet Lover Sweatshirt,$15.40,472,20,544,5,079,31,817
Stocking filler for husband, Christmas gift for husband,  mans christmas gifts, Christmas gift for hubby, Personalised boxers ©,$11.81,463,3,568,632,6,946
Custom Portrait from Photo Sweatshirt, Custom Couple Portrait, Couples Portrait, Personalized Gift, Custom Gifts, Family Portrait,$26.75,462,36,749,10,599,45,157
Custom Embroidered Roman Numeral Hoodie, Custom Date and Initial Hoodie, Anniversary Engagement Gifts, Embroidered Gift for Couple,$27.50,459,11,650,2,840,10,038
Custom Embroidered Roman Numerals Sweatshirt for couples, Add your Initial on the Sleeve, Anniversary, Valentines Day and Christmas Gift,$32.95,458,4,753,849,2,794
Custom Embroidered Mama Sweatshirt with Kids Name on Sleeve, Personalized Mom Sweatshirt, Minimalist Momma Sweater, Christmas Gift for Mom,$44.45,457,2,174,362,2,459
Matching Family Christmas Shirts, Family Christmas Shirt, Matching Xmas Tees, Custom Christmas Tee, KT186,$6.59,450,24,910,2,671,4,571
I'm Just Resting My Eyes, I'm Not Sleeping, Socks, I'm Not Sleeping Socks,$11.19,448,15,962,2,819,14,900
Custom Pet Sweater Using Pet Photo + Name Custom Dog Portrait Sweater Personalized Dog Pullover Dog Sweatshirt Dog Mom Gift Custom Cat Shirt,$10.86,446,2,863,625,4,667
My Day I'm Booked Sweatshirt, The Grinch Christmas Schedule Sweatshirt, Womens Christmas Sweatshirt, Grinchmas Shirts, Christmas Graphic Tee,$27.72,446,1,825,377,4,189
Custom Mama Sweatshirt with Date and Children Name on Sleeve, Mama Sweatshirt, Minimalist  Mama, Ollie and Penny, Gift for Mom, blanch,$19.98,440,4,359,740,4,883
Grinch Christmas Sweatshirt, Grinch Sweatshirt, Christmas Sweatshirt, Grinch Sweatshirt, Christmas Vibe, Funny Grinch Shirt,$24.50,430,1,006,138,1,173
Custom Bootleg Rap Tee, Vintage Custom Funny Rap Shirt, Custom Photo Vintage T Shirts, Insert Your Design, Custom Girlfriend Shirt,$24.09,424,806,91,2,405
Funny Shirt for Men | Awesome Like My Daughter | Fathers Dad Gift - Gift from Daughter to Dad - Husband Gift - Funny Dad Shirt,$14.32,414,10,682,1,968,9,619
Nakatomi Plaza Party 1988 Christmas Jumper Sweater Sweatshirt Xmas Funny 80's Die Movie Bruce,$34.19,409,1,786,261,2,260
Matching Family Christmas Shirts, North Pole Correctional, Funny Group Christmas Tshirts, Holiday Tshirts, Xmas Festive Mom Dad Kids Tees,$19.35,397,3,772,579,2,960
Cowboy Christmas Sweater, Giddy Up Jingle Horse Pick Up Your Feet, Howdy Country Christmas Horse, Cowgirl Shirt, Christmas Sweatshirt,$5.94,392,728,127,1,911
White Christmas Movie Shirt, Christmas Holiday Shirt, White Christmas Movie 1954 Shirt, Christmas Shirt, Wallace And Davis, Haynes Sisters,$6.99,392,659,72,311
Custom Photo shirt, Custom Shirt, Custom Picture Tshirt, Birthday  photo Shirt, Holiday Gift, Family Picture Tee,$10.90,387,16,502,3,694,4,967
It's a Beaut Clark Sweatshirt, Griswold Christmas Sweatshirt, Funny Christmas Shirt, Christmas Vacation Shirt, Christmas Crewneck, Xmas Tee,$8.00,888,4,550,734,5,587
Personalized Grandma Sweatshirt, Custom Granny and Grandkids Names Sweater, Grandmother Crewneck, Gift for Grandmas Birthday With Grandchild,$36.74,843,1,171,120,1,009
Custom Pet Pajama Pants,Personalized Pants Pajamas,Custom Pj Pants,Photo Pajama,Dog Pajamas,Christmas/Anniversary Photo Gift For Her Him,$11.92,761,2,344,431,1,460
Custom Embroidered Roman Numeral Hoodie • Couples Gift • Personalized Date and Initial Hoodie • Engagements, Anniversaries, Bachelorette's,$29.99,743,31,539,8,459,57,221
Merry Christmas Sweatshirt, Christmas Shirts, Cute Winter Sweater, Christmas Shirt for Women, Christmas Crewneck Sweatshirt, Holiday Sweater,$13.49,714,1,440,296,2,225
The One Where It's Thanksgiving Shirt, Friends Turkey Thanksgiving Shirt, Friends Turkey Shirt, Funny Thanksgiving Sweatshirt, Friendsgiving,$11.99,692,3,031,724,1,976
Go Taylor's Boyfriend Sweatshirt, Travis Kelce Sweatshirt, Game Day Sweater, Funny Football Sweatshirt, Football Fan Gift Shirt,$7.64,690,2,076,248,1,800
Fourth Wing Sweatshirt, Basgiath War College, Dragon Rider, Violet Sorrengail, Xaden Riorson, Riders Quadrant, Fantasy reader, Bookish Shirt,$15.20,683,3,655,615,4,044
Custom Bootleg Rap Tee, Custom Photo - Vintage Graphic 90s Tshirt, Custom Photo Shirt, CUSTOM Your Own Bootleg Idea Here, Insert Your Design,$26.09,662,1,419,165,2,254
That's I'm not going Sweatshirt, Funny Grinch TShirt, Grinch Shirt, Grinch Sweatshirt, Christmas Shirt,Christmas Sweatshirt Christmas TShirt,$10.19,657,1,709,329,2,698
Custom Embroidered Sweatshirt, Name On Sleeve With Heart, Grandpa Shirt With Date, Daddy Est Year Shirt, Gift For New Dad, Father's Day Gift,$34.40,624,2,898,679,4,962
Bend Over and I'll Show You Christmas Couple Matching T-Shirt, Christmas Vacation Shirt, Griswold Family Shirt, Cute Christmas Tree T-Shirt,$6.75,621,3,853,980,5,998
CUSTOM YOUR PET Shirt, Personalized Pet Gift, Pet Personalization Shirt, Insert Design, Personalized, Customized Shirt, Change Your Design,$30.19,594,2,880,659,5,466
Swiftie Vintage 90s Style Shirt, The Eras Tour 2023 T-Shirt, Gift For Fan, TS Swiftie Concert Outfit Ideas, Music Country Tees,$11.59,552,1,051,51,2,587
Floral Music Album Mug, Gift for her, Trendy Album Mug, Trendy Gift, Gift for music lovers,$14.00,534,1,659,185,1,821
Christmas Taylor Sweatshirt, Swiftie Christmas Gift, Taylor Holiday Sweater, Christmas Lights, Christmas Tree, The Eras Tour Shirt,$6.50,519,1,926,249,1,882
Custom Comfort Colors Dog Shirt, Retro Collage Shirt, Custom Pet Shirt, Retro 90's Custom Shirt, Women's Custom T, Men's Custom T, Christmas,$34.99,503,2,581,703,4,778
In My Cat Mom Era Sweatshirt, Custom Cat Shirt, Cat Mom Sweatshirt, Cat Lover Gift, Cat Mom Gift, Crazy Cat Lady, Cat Mama Shirt,$23.53,501,1,276,134,2,119
Vintage Custom Dog Shirt, Retro Collage Personalized Pet Shirt, 90's Custom Photo Vintage Graphic Tees, Insert Pet Design Personalized Gift,$19.88,500,1,088,180,3,153
Grandma's Garden Sweatshirt, Custom Birthflower Sweatshirt, Gift for Grandma, Love Grows Here, Mom's Garden,$22.40,481,1,215,285,1,089
Custom Embroider Personalized Polo Shirt - Sport-Tek LST550 PosiCharge Competitor Performance Polo - Max 4in by 4in Embroidery Logo,$20.00,4,895,4,899,1,219,1,407
60 Quotes Most Likely And Custom Christmas Shirt, Christmas Funny Shirt, Family Shirt, Christmas Custom Shirt, Christmas Funny Tee, Group,$8.99,2,100,20,703,4,358,7,474
Custom Mama Sweatshirt with Kid Name on Sleeve, Personalized Mom Sweatshirt, Gift Momma Sweatshirt, Christmas Gift for Mom, Gift for Her,$12.60,2,077,7,162,847,4,334
Personalized Mama Sweatshirt with Kid Names on Sleeve, Mothers Day Gift, Birthday Gift for Mom, New Mom Gift, Minimalist Cool Mom Sweater,$23.97,1,956,7,927,1,466,19,735
Customized face Socks, Put Any Faces On socks, Custom Sock with text,, Funny faces on Socks, gift for dad/grandpa, Gift for Christmas,$5.99,1,441,16,249,3,651,6,979
Custom Pet Socks, Customized socks with any photos and text, personalized socks for Dog/cat Lovers, , custom gift for dad,Gift for Christmas,$11.98,1,375,24,309,6,042,14,190
Custom Mama Sweatshirt with Kid Name on Sleeve, Personalized Mom Sweatshirt, Minimalist Momma Sweater, Christmas Gift for Mom, Gift for Her,$6.50,1,360,9,662,1,935,8,860
Ew People Shirt, Grinch Sweatshirt, Grinchmas Sweatshirt, Christmas Grinch Shirt, Christmas Funny Grinch Sweatshirt, Grinch Shirt,$6.99,1,326,3,040,304,3,017
Custom Face Socks, Personalized Photo Socks, Picture Socks, Face on Socks, Customized Funny Photo Gift For Her, Him or Best Friends,$4.58,1,290,23,761,6,672,25,115
Custom Mama Sweatshirt with Kid Name on Sleeve, Personalized Mom Sweatshirt, Gift Momma Sweatshirt, Christmas Gift for Mom, Gift for Her,$12.60,1,278,1,653,240,1,554
Wifey Sweatshirt-Wife Sweatshirt-Future Mrs Sweatshirt-Gift for Her-Bride Sweatshirt-Embroidered Sweatshirt-Custom Embroidered Sweatshirt,$29.00,1,263,4,597,942,5,896
Custom Dog Photo Pajamas,Personalized Pajamas Pants with Photo,Pet Pajamas,Men Pajama bottoms,Dad Gifts,Pajama pants for Women,Pajama Party,$14.40,1,208,9,004,1,696,4,055
Christmas Matching Family Shirt,Most Likely To Christmas Shirt,Christmas Family Pajamas,Custom Christmas,Christmas Gift,Christmas Sweatshirt,$8.56,1,161,1,584,93,404
Customized Dog Socks -- Put Your Cute Dog on Custom Socks, Dog Lovers, Dog GIft, Cute Dog Personalized, Dog Gift Socks, Fathers Day Gift,$9.09,1,086,30,989,7,366,30,259
Albums As Books Sweatshirt, Trendy Aesthetic For Book Lovers, Crewneck Sweater, Folk Music Hoodie, Country Music Hoodie, RACK Music Sweater,$24.99,1,065,1,746,194,1,405
Im With The Banned Sweatshirt, Banned Books Shirt, Reading Teacher Sweatshirt, Book Lover Gift, Bookish Tee, Librarian Gift, School Sweater,$20.75,1,045,1,578,189,3,039
Customized Dog Socks - Put Your Cute Dog on Custom Socks, Dog Lovers, Dog GIft, Dog Personalized, Dog Gift Socks,Fathers Day Gift,Graduation,$7.79,1,043,30,068,6,771,28,343
Family Christmas Name Shirt, Monogrammed Family Christmas Shirt, Personalized Christmas Family T-Shirt, Custom Christmas Shirt With Name,,$8.99,924,5,047,545,1,515
Custom Dog Sweatshirt, Personalized Dog Ears Sweatshirt with Name, Custom Dog Mom Sweatshirt, Dog Dad Gift for Pet Gift for Him, Pet Lovers,$25.99,914,3,784,923,5,854
Velaris Sweatshirt, The Night Court Hoodie, Night Court Symbol Sweatshirt, A Court Of Thorns And Roses Court,  Acotar Sweatshirt,$12.60,896,2,555,211,1,805
Limited Astarion Baldurs Gate 3 Girl Dinner Vintage T-Shirt, Gift For Women and Man Unisex T-Shirt,$19.03,343,1,921,408,4,149
Personalised Children’s fleece gilet with tractor design,$37.56,338,339,64,291
Custom Mario Birthday Shirt | Personalize Super Mario Family Shirts | Custom Super Mario Shirt| Super Mario Family Tee | Mario Custom Design,$9.36,338,339,67,146
I Am Your Baby and I Am Your Father - matching father baby gift set, baby boy and baby girl gift, dad and baby match, dad gift, gift,$21.01,338,603,62,592
Custom Shirt, Custom T-Shirt,Custom Photo Shirt,Personalized Shirt, Custom Printing T-Shirt,Make Your Own Shirt,Personalized Kids Shirt,$8.80,337,18,069,3,717,4,104
It's Fine I'm Fine Everything Is Fine Shirt, I'm Fine Shirt, Cat Shirt, Motivational Shirt, Positivity Shirt, Introvert Shirt, Mental Shirt,$8.09,337,2,144,605,2,590
Holly Jolly Christmas ||  Christmas PNG || Faux Sequin || Retro Design || Sublimation Design || Digital Download || PNG File || Vibrant,$6.00,337,366,12,444
Custom Face Socks Personalized Photo Socks, Picture Socks Customized Funny Photo Gift For Him, Her or Best Friends, Personalized Gift Father,$8.99,336,801,181,1,217
Disney Castle Family Shirt, Disney Vacation Shirt, Retro Castle 2023, Disney Mickey Minnie Shirt, Disneyland Shirt, Magic Kingdom Shirt,$6.95,336,16,665,2,672,11,659
100% Cotton kimono Robes, Pure cotton Kimono, Block Print Cotton Kimono, Festival Clothing, Kimono Kaftan, Oriental Robe, Women's robes # 06,$25.07,335,337,67,1,289
Limited Spider Man Vintage 90s T-Shirt, Gift For Woman and Man Unisex T-Shirt,$16.61,335,337,28,1,110
Women's Elastic Waist Stretch Bodycon Midi Knee Length Pencil Skirt,$18.98,334,335,98,737
Personalized Superhero Name Shirt - Custom Boy Tee - Custom Girl Tee- Superhero Birthday Shirt - Birthday Name Toddler Shirt,$21.99,334,335,99,343
Front And Back Custom Shirt, Custom Shirt, Inspired Shirt, Custom Shirt, Inspired Text, Custom Text Shirt, Front and Back Personalized Shirt,$14.57,333,390,65,148
Cars Birthday Family shirt Cars Birthday Shirt For Boy Disney Cars Birthday shirt Custom Cars shirt Cars family Shirt Cars Party Cars theme,$12.32,332,1,096,151,506
Nana Embroidered Sweatshirt Gift | Personalized Sweatshirt | Christmas Gift | Winter Apparel | Floral Nana Shirt |  Birthday Gift,$45.50,332,9,777,2,444,17,246
UPS Sweatshirts, Hooded, Crewneck Zippered United Parcel Service Free Domestic Shipping,$24.99,331,1,849,234,388
Baldurs Gate 3 Adventure Awaits Sweatshirt, Astarion High Elf Shirt, Astarion Bulders, Video Game Shirt, Gift For Gamers, Astarion BG3 Shirt,$7.64,330,378,49,1,117
ON SALE Personalized Christmas Stockings, Glitter Names, Christmas Stocking with Glitter Name, Christmas Decor,$9.60,329,332,62,117
Custom Image Hoodie, Custom Photo Hoodie, Your Image Hoodie, Photo Portrait Hoodie, Custom Family Portrait, Bff Hoodie, Custom Picture Gifts,$13.99,329,336,81,233
What We Do In The Shadows Shirt  | And It Was Petyr  | What We Do In The Shadows T-Shirt | Hand Screen Printed  | Available in Plus Sizes,$24.00,317,428,111,1,128
Cowhide Sweatshirt, Bleached sweatshirt, Sweatshirt, Black and Brown Cowhide, 50/50 Blend, Handmade, love cows, Trending,$25.00,316,320,103,940
Malibu Crewneck, Trendy Crewneck, Oversized Crewneck, Gift for Her, Aesthetic Sweatshirt,$46.99,316,633,128,2,558
I'm Just Here For The Mash Potatoes Shirt, Funny Thanksgiving Shirt, ThanksGiving Sweatshirt, Funny Fall Shirt, Thanksgiving Dinner Matching,$8.49,315,979,136,725
The Marauders 70's Retro Harry Fandom Shirt Universal Shirt Bookish Shirt Sirius Black Peter Pettigrew James Potter Remus Lupin Prongs,$24.00,314,315,103,2,181
Patrol Family Birthday Shirt, Mom Patrol Shirt, Dad Patrol Shirt, Personalized Birthday Family Matching Shirt, Custom Birthday Patrol Tshirt,$16.23,314,851,124,292
O'Connell Tours Sweatshirt, The Mummy Sweatshirt, Brendan Fraser Shirt, Brendan Fraser, The Mummy 1999 , The Mummy, Movie Lover Gift,$38.26,314,315,110,1,484
Ready to Ship,Princess Moana Outfit,Moana baby costume,Moana baby,Moana toddler,Moana outfit,necklace, flower,$25.00,313,2,928,320,3,732
Puff Print Custom Team Name Sweatshirt, scool Mascot Sweatshirt shirt,  Gift for Mom, Christmas Gift Idea, Embossed School Spirit Sweatshirt,$24.50,313,2,926,325,5,138
Roman Numeral Embroidered Matching Hoodie, Custom Anniversary Date Couple Hoodies, Custom Initials With Heart Sleeve Jumper, Boyfriend Gift,$28.98,313,2,843,545,4,069
Astarion Bulders Shirt, Astarion High Elf Shirt, Astarion Merch Shirt, Astarion Rogue Sweatshirt, Astarion Girl Dinner Hoodie,$18.69,312,404,47,751
AC/DC - Blow Up - Unisex Vintage Tee (ACD0278-798PBK) classic rock, hells bells, acdc, back in black, rock music, thunderstruck, rock,$33.60,312,313,71,2,875
Vintage Basgiath War College 2 Sided Comfort Color Shirt, Fourth Wing Sweatshirt, Dragon Rider Shirt, Violet Sorrengail, Xaden Riorson.,$26.99,311,867,210,3,040
Unisex Get Your Tits Out Socks | Gift | 1 Pair | Cotton Rich Socks | Premium Socks | Novelty | Gifts,$10.53,310,2,499,485,2,291
Personalized Gifts Custom Socks Face Socks, Birthday Gifts for Him, Personalized Socks, Gifts for Men, Funny Gift Idea with Photo,$4.97,310,1,279,260,792
MARIGOLD DRESSES | mommy and me matching dresses for fall | mommy and me outfits | mommy and me outfits for thanksgiving| mommy and me dress,$25.99,310,502,38,608
Baphomet Long sleeve T shirt with Pentagram Sleeve prints Satanic witch satan longlseeve Goat sigil of baphomet,$21.44,310,311,74,1,632
Knitted Lounge Socks // Open Work Knit Lounge Socks,$24.00,309,312,73,934
Vintage TN Vols Sweatshirt,$20.00,309,318,81,647
Personalized Grandma Est Sweatshirt, Mothers Day Gift, Gift for Grandmother, Nana Sweatshirt, Tante Sweatshirt, Tia Sweatshirt, Mommy Shirt,$21.66,309,3,034,677,2,581
Family Birthday Matching Shirt, Monsters Incs Birthday Shirt,  Monsters Incs Birthday Custom Shirt, Monsters University, Birthday Crew Shirt,$5.00,308,312,35,91
Personalized Gift For Bride, Bride Sweatshirt, Initial Heart Sleeve, Engagement Gift, Unique Bridal Shower Gift, Future Mrs Sweatshirt,$23.97,308,13,355,2,616,20,168
Harry Potter Shirt, Avada Kedavra Vacation Shirt, Harry Potter Hoodie, Wizard School Shirt, Harry Potter Tee, Trendy Shirt,$25.92,307,311,59,732
Best wishes, Family Funny Christmas 2022 Sweater,funny Moira,Rose, David,Apothecary Creek,matching holiday shirts,pajama shirts,$25.79,306,307,93,1,333
Boojee Out Here Lookin Like A Snack Shirt, Christmas Tree Cake Shirt, Christmas Cake Shirt, Christmas Sweatshirt, Christmas Crewneck,$7.99,306,382,64,424
New Royal Islamic Modern Elegant Dubai Moroccan caftan Arabic Party Wear Beach Kaftan Farasha Maxi Floor Length Takshita Wear Dresses,$57.22,304,306,76,2,093
Out Here Lookin Like A Snack Sweatshirt, Christmas Tree Cake Sweater, Boujee Christmas Shirt, Christmas Adult Crewneck Sweater,$7.99,304,699,182,1,221
Basgiath War College Sweatshirt, Bookish Sweatshirt,Fourth Wing Sweatshirt,Dragon Rider Hoodie,Rebecca Yoros Hoodie,Fourth Wing, Book Hoodie,$28.98,303,364,58,806
GINGHAM BUBBLE Fully LINED pants -6m, 9m, 12m, 18m, 2t, 3t, 4t, 5t Red, Navy, Light Khaki, Light Gray, Kelly Green + more!,$16.00,303,1,788,371,718
This is My Dog Walking Hoodie Unisex Hoodie Hooded top,$21.07,303,305,49,131
Long Sleeved Faux Fur Bolero / Shrug / Jacket / Shawl / Wrap / Weddings Satin Lining - UK 4-24 / US 1-20 Colours available : Black or Ivory,$59.29,303,1,138,124,740
Disney Mickey Mouse Shirt/ Boys Mickey Mouse Shirt / Disney Trip Shirt / Applique Disney Shirt / Toddler Mickey Mouse Shirt / Kids Mouse Tee,$22.00,302,303,66,519
Front and Back Your Custom Design T-Shirt, Personalized Shirt, Custom Couple Shirts, Your Own Message Slogan Logo T-Shirt, Company Shirt,$9.65,302,683,151,285
Custom Text Design Sweatshirt | Personalized Writing Saying Sweatshirt| Custom Logo Personalized Sweatshirt | Matching Family Sweatshirts,$6.99,301,4,254,812,1,687
Bachelorette Party Shirts, Most Likely To Shirt , Bridal Party Shirt, Wine Bachelorette Shirts, Funny Most Likely To Bachelorette Tshirts,$11.99,301,9,243,706,3,703
Customize Festival Outfit Men Glitter Sequin Jacket Jumpsuit Carnival Costume No Closure Cabaret Blazer Drag King Elton John Tinsel Jackets,$78.00,301,302,76,1,850
Beautiful “Chanelito” dress & Authentically Hand Embroidered by experienced Artisans from  Puebla Mexico, Sizes: 0 months old - 12 years old,$17.98,300,2,257,426,2,790
Christmas Ginger Cookies Shirt, Mickey Minnie Disney Ears Christmas Shirts, Christmas Disneyworld Shirts Family, Disney Christmas Sweatshirt,$10.49,300,1,902,296,1,927
Mama Embroidered Sweatshirt, Custom Mama Shirt With Kids Names, Heart On Sleeve, Pregnancy Reveal Hoodie Gift For New Mom, Mother's Day Gift,$29.90,299,15,850,3,935,18,941
Jinx Cat Band Vtg Black Men Black Tee Shirt Size S- 5XL Unisex Best Gift Birthday - Trendy Tshirt - Gift For Men,$17.28,299,591,91,2,713
Mens The North Face Printed big logo short sleeve T-shirts,$11.19,299,301,47,181
Walk trousers Outdoor trousers Wool trousers Buddel trousers available in 18 colors from 48 euros, knee and bottom wet protection size 74/80-170/176,$54.56,299,300,84,671
Personalized Embroidered Dad Est Hoodie, Custom Dad Hoodie With Kids Names, Embroidered Daddy Est Sweatshirt, New Dad EST Crewneck or Tee,$44.24,299,300,64,251
Our First Christmas Engaged 2023 Shirt, Christmas Couple Matching T-Shirt, Engaged Couple 2023 Tee, Christmas Engagement Announcement,$7.87,298,338,39,246
I'm Here For The Snacks, I am Here For The Drinks, Family Shirt, Disney Food Beer Shirts, Disneyland Shirts, Disneyworld Vacation T-shirt,$8.99,298,4,246,757,3,719
Bride Shirt | Bride To Be Gift | Bridal Party Shirts | Bachelorette Party Tee | Ring Finger Shirt | Bridal Gift | Bride Gifts,$9.53,298,998,157,1,240
Sage Sleep shirt, Button Down Shirt, Dress Shirt, Bridesmaid Pajamas, Oversized Shirt, Bridesmaid Proposal, Bachelorette Party Gifts,$19.98,298,2,413,286,1,810
Custom Family Graduation Shirts, Senior 2024 Family Matching T Shirt, Class of 2024 Family Graduation Shirts, High School Grad Crew Shirt,$8.40,298,1,038,204,327
AnaKen Skywalker Shirt, Funny AnaKen Shirt, Kenobi Shirt, Obiwan, Skywalker Lover,$13.90,298,326,45,1,049
Unisex Custom Name Socks - Personalised Embroidered Name on Soft Cotton Crew Socks - Made to Order & Made in Britain - Made for Him and Her,$12.68,298,1,110,163,620
Rock Climbing T Shirt, Bouldering Tee, Problem Solving, Sport Climber Gift, Present for Boulderer, Lead Climb Tshirt, Vintage Mountaineering,$22.71,297,299,90,834
Christmas Vacation Shirt, Christmas Party T Shirt, Matching Family Christmas Shirt, You Serious Clark Tee, National Lampoons,$7.20,297,300,70,239
Sleep Mask, Bachelorette Party Favors, Personalized Bridesmaid Gift, Custom Eye Mask, Sleeping Mask With Your Name, Sleep Mask for Women,$1.99,296,1,044,126,240
Simple Custom Embroidered Sweatshirt, Bride Last Name Sweatshirt, Custom Oversized Vintage Sweatshirt, Mama Grammy Sweatshirt, Gift for Mom,$31.50,296,307,16,334
Wedding Bridal Denim Jacket, Bride Denim jacket with pearls, Mrs Custom Jean Jacket, Date under the collar jacket, Personalized jacket-autum,$24.99,295,4,378,750,5,680
Custom Grandma Sweatshirt, Grandma Heart Sweat, Grandkids Name Shirt, Gift For Grandma, Nana Crewneck,$35.00,295,4,054,730,1,996
Unisex Cotton Pant with Spiral Prints, Harem Pants, Yoga Pants, Hippie Clothes, Aladdin Pants, Boho Pants, Organic Cotton Pants,$38.25,295,296,87,1,047
The Science of 20 Sided Dice DnD D20 T Shirt Meme Gift Funny Vintage Style Unisex Gamer Cult Movie Music Top Mens Womens Adult Tee R753,$13.38,295,296,63,950
Personalized Embroidered Pet Crewneck| Custom Portrait Pet from photo Hoodie | Embroidered Pet Sweatshirt | Cat Mom Gift | Dog Lover Gift,$70.73,293,298,90,550
Mrs clause but married| couples Christmas shirts | funny Christmas shirts| bleached Mrs clause| bleached | bleached holiday shirts,$24.00,293,295,90,264

